Active ingredient name - English,Active ingredient name - French,Reevaluation status,CAS number
"(9Z,12E)-9,12-TETRADECADIEN-1-YL ACETATE","AC…TATE DE (Z,E)-9,12-T…TRAD…CADIEN-1-YL",NO,30507-70-1
(E)-11-TETRADECENYL ACETATE,AC…TATE DE (E)-11-T…TRAD…C…NYL (N.M.),NO,33189-72-9
(E)-4-TRIDECENYL ACETATE,AC…TATE DE (E)-4-TRID…C…NYL (N.M.),NO,72269-48-8
(E)-4-TRIDECENYL ACETATE + (Z)-4-TRIDECENYL ACETATE,AC…TATE DE (E)-4-TRID…C…NYLE + AC…TATE DE (Z)-4-TRID…C…NYLE,NO,
(E)-9 PENTADEEN-1-OL ACETATE,(E)-9 PENTADEEN-1-OL AC…TATE,NO,64437-41-8
(E)-9-PENTADECENYL ACETATE,ACETATE DE (E)-9-PENTADECENYL,NO,
"(E,Z)-11-TETRADECEN-1-OL","(E,Z)-T…TRADEC-11-ENOL",NO,
"(E,Z)-11-TETRADECENAL","(E,Z)-T…TRAD…C-11-…NAL",NO,70893-80-0
"(E,Z)-11-TETRADECENYL ACETATE","AC…TATE DE (E,Z)-11-T…TRAD…C…NYLE",NO,
"(E,Z)-2,13-OCTADECADIEN-1-OL","(2EZ,13Z)-OCTAD…CA-2,13-DI…NOL",NO,123551-47-3
"(E,Z)-2,13-OCTADECADIEN-1-YL ACETATE","AC…TATE DE (E,Z)-OCTAD…CA-2,13-DI…N-1-YLE",NO,86252-65-5
"(E,Z)-3,13-OCTADECADIEN-1-YL ACETATE","AC…TATE DE (E,Z)-OCTAD…CA-3,13-DI…N-1-YLE",NO,53120-26-6
"(E,Z)-8,10-PENTADECADIENYL ACETATE","ACETATE DE (E,Z)-8,10-PENTADECADIENYL",NO,
"(E,Z)-9-DODECENYL ACETATE","AC…TATE DE (E,Z)-DODEC-9-…NYLE (N.M.)",NO,
(UNSPECIFIED STRAIN) DOUBLE STRANDED RNA,(UNSPECIFIED STRAIN) DOUBLE STRANDED RNA,NO,
(Z)-11-TETRADECEN-1-OL,(Z)-T…TRADEC-11-ENOL,NO,34010-15-6
(Z)-11-TETRADECENAL,(Z)-T…TRADEC-11-ENAL,NO,35237-64-0
(Z)-11-TETRADECENYL ACETATE,AC…TATE DE (Z)-11-T…TRAD…C…NYLE,NO,20711-10-8
(Z)-4-TRIDECENYL ACETATE,AC…TATE DE (Z)-4-TRID…C…NYLE (N.M.),NO,65954-19-0
(Z)-9-DODECENYL ACETATE,AC…TATE DE (Z)-DODEC-9-…NYLE (N.M.),NO,16974-11-1
(Z)-9-TETRADECEN-1-YL ACETATE,AC…TATE DE (Z)-T…TRADEC-9-…NYLE,NO,16725-53-4
(Z)-9-TRICOSENE OR MUSCALURE,(Z)-9-TRICOS»NE OU MUSCALURE,NO,27519-02-4
"(Z,E)-7,11-HEXADECADIENYL ACETATE","AC…TATE DE (Z,E)-7,11-HEXAD…CADI…NYLE",NO,51607-94-4
"(Z,Z)-11,13-HEXADECADIENAL","(Z,Z)-11,13-HEXAD…CADI…NAL",NO,71317-73-2
"(Z,Z)-3,13-OCTADECADIEN-1-OL","(3Z,13Z)-OCTAD…CA-3,13-DI…NOL",NO,66410-24-0
"(Z,Z)-3,13-OCTADECADIEN-1-YL ACETATE","AC…TATE DE (Z,Z)-OCTAD…CA-3,13-DI…N-1-YLE",NO,53120-27-7
"(Z,Z)-7,11-HEXADECADIENYL ACETATE","AC…TATE DE (Z,Z)-7,11-HEXAD…CADI…NYLE",NO,52207-99-5
"(Z,Z)/(E,Z)-3,13-OCTADECADIENYL ACETATE","AC…TATE DE (Z,Z)/(E,Z)-3,13-OCTAD…CADI…NYLE",NO,
"1,2-BENZISOTHIAZOLIN-3-ONE","1,2-BENZISOTHIAZOLIN-3-ONE (N.M.)",YES,2634-33-5
"1,2-DIBROMO-2,4-DICYANOBUTANE","1,2-DIBROMO-2,4-DICYANOBUTANE (N.M.)",YES,35691-65-7
"1,2-ETHANEDIOL","ETHANEDIOL-1,2",NO,107-21-1
"1,3-BIS(HYDROXYMETHYL)-5,5-DIMETHYLHYDANTOIN","1,3-BIS(HYDROXYM…THYL)-5,5-DIM…THYLHYDANTOIN",NO,6440-58-0
"1,3-DICHLORO-5,5-DIMETHYLHYDANTOIN","1,3-DICHLORO-5,5-DIM…THYLHYDANTOœNE",NO,118-52-5
"1,3-DICHLORO-5-ETHYL-5 METHYLHYDANTOIN","1,3-DICHLORO-5-…THYLE-5 M…THYLHYDANTOœNE",NO,89415-87-2
"1,3-DICHLOROPROPENE","DICHLORO-1,3 PROPENE",NO,542-75-6
"1,4-BIS(BROMOACETOXY)-2-BUTENE AND RELATED BROMOACETIC ACID ESTERS OF 2-BUTENE-1,4-DIOL","BIS(BROMOAC…TATE) DE 2-BUT»NE-1,4-DIYLE ET LES D…RIV…S D'ESTERS DE L'ACIDE BROMOAC…TIQUE DE 2-BUT»NE-1,4-DIOL",NO,20679-58-7
"1,4-DIMETHYLNAPHTHALENE","1,4-DIM…THYLNAPHTAL»NE",NO,571-58-4
"1-(3-CHLOROALLYL)-3,5,7-TRIAZA-1-AZONIAADAMANTANE CHLORIDE","CHLORURE DE (CHLOROALLYL-3)-1 TRIAZA-3,5,7 AZONIAADAMANTANE-1",NO,4080-31-3
1-(ALKYL-AMINO)-3-AMINOPROPANE HYDROCHLORIDE (COMPONENT OF AMPHO 443-31),(ALKYL-AMINO)-1 AMINOPROPANE-3 HYDROCHLORIQUE (COMPOSANT DE AMPHO 443-31),NO,
1-(ALKYL-AMINO)-3-CARBOXYMETHYLAMINOPROPANE (COMPONENT OF AMPHO 443-31),(ALKYL-AMINO)-1 CARBOXYMETHYLAMINOPROPANE-3 (COMPOSANT DE AMPHO 443-31),NO,
1-ALKYLAMINO-3-AMINOPROPANE (ALKYL GROUPS AS DERIVED FROM COCONUT OIL FATTY ACIDS),1-ALKYLAMINO-3-AMINOPROPANE (*GROUPEMENTS ALKYL D…RIV…S DES ACIDES GRAS D'HUILE DE COCO),YES,61791-63-7
1-AMINOCYCLOPROPANECARBOXYLIC ACID,ACIDE AMINO-1 CYCLOPROPANE CARBOXYLIQUE-1,NO,22059-21-8
"1-BROMO-3-CHLORO-5,5-DIMETHYLHYDANTOIN AND RELATED HYDANTOINS","1-BROMO-3-CHLORO-5,5-DIM…THYLHYDANTOœNE ET HYDANTOœNE RELI…ES",NO,16079-88-2
1-DODECANOL,1-DOD…CANOL (N.M.),NO,112-53-8
1-METHYLCYCLOPROPENE,1-M…THYLCYCLOPROP»NE (N.M.),NO,3100-04-7
1-OCTANOL,1-OCTANOL,YES,111-87-5
1-TETRADECANOL,1-T…TRAD…CANOL (N.M.),NO,112-72-1
"10,10'-OXYBIS(PHENOXARSINE)","OXY-10,10' BIS-PH…NOXARSINE (N.M.)",YES,58-36-6
1703-DSRNA,1703-DSRNA,NO,
1R-TRANS PRALLETHRIN,1R-TRANS PRALL…THRINE (N.F.),NO,23031-36-9
"2,2'-(1-METHYLTRIMETHYLENEDIOXY)BIS-(4-METHYL-1,3,2-DIOXABORINANE)","2,2'-(1-M…THYLTRIM…THYL»NEDIOXY)BIS-(4-M…THYL-1,3,2-DIOXABORINANE",YES,2665-13-6
"2,2-DIBROMO-3-NITRILOPROPIONAMIDE","2,2-DIBROMO-3-NITRILOPROPIONAMIDE",YES,10222-01-2
"2,2-DIMETHYL-6-CARBOBUTOXY-2,3-DIHYDRO-4-PYRONE","DIMETHYL-2,2 CARBOBUTOXY-6 DIHYDRO-2,3 PYRONE-4 (M)",NO,532-34-3
"2,2-OXYBIS(4,4,6-TRIMETHYL-1,3,2-DIOXABORINANE)","OXY-2,2' BIS(TRIMETHYL-4,4,6 DIOXABORINANE-1,3,2)",YES,14697-50-8
"2,3,4,5-BIS(2-BUTYLENE)TETRAHYDRO-2-FURFURAL","BIS(BUTYLENE-2)TETRAHYDRO-2,3,4,5 FURFURAL-2",NO,136-45-8
"2,3,5-TRIIODOBENZOIC ACID","ACIDE 2,3,5-TRIIODOBENZOœQUE (M)",NO,88-82-4
"2,4,5-T PRESENT AS MIXED BUTYL ESTERS","2,4,5-T (M), PRESENT SOUS FORME D'ESTERS DE BUTYLE MELANGES",NO,
"2,4-D (PRESENT AS ACID)","2,4-D (N.M.) (PR…SENT SOUS FORME D'ACIDE)",YES,94-75-7
"2,4-D (PRESENT AS AMINE SALTS : DIMETHYLAMINE SALT, DIETHANOLAMINE SALT, OR OTHER AMINE SALTS)","2,4-D (N.M.) (PR…SENT SOUS FORME DES SELS D'AMINE : DIM…THYLAMINE, DI…THANOLAMINE, OU D'AUTRES SELS D'AMINE)",YES,
"2,4-D (PRESENT AS CHOLINE SALT)","2,4-D (N.M.) (PR…SENT SOUS FORME DE SEL DE CHOLINE)",YES,1048373-72-3
"2,4-D (PRESENT AS LOW VOLATILE ESTERS)","2,4-D (N.M.) (PR…SENT SOUS FORME D'ESTERS PEU VOLATILS)",YES,
"2,4-D (PRESENT AS MIXED BUTYL ESTERS)","2,4-D  (N.M.)  (PR…SENT SOUS FORME D'ESTERS DE BUTYLE M…LANGES)",NO,
"2,4-D (PRESENT AS SODIUM SALT)","2,4-D (N.M.) (PR…SENT SOUS FORME DE SEL DE SODIUM)",NO,2702-72-9
"2,4-D (PRESENT AS TROLAMINE SALT)","2,4-D (N.M.) (PR…SENT SOUS FORME DE SEL DE TROLAMINE)",NO,2569-01-9
"2,4-DB","2,4-DB (N.M.)",NO,94-82-6
"2,4-DB (PRESENT AS 2-ETHYLHEXYL ESTER)","2,4-DB (N.M.) (PR…SENT SOUS FORME D'ESTER 2-…THYLH…XYLE)",NO,7720-36-7
"2,4-DB (PRESENT AS BUTYL ESTER)","2,4-DB (N.M.) (PR…SENT SOUS FORME D'ESTER BUTYLE)",NO,6753-24-8
"2,4-XYLENOL (OR 2,4-DIMETHYLPHENOL)","XYLENOL-2,4 (OU DIMETHYL-2,4 PHENOL) (M)",NO,105-67-9
"2,6-DIISOPROPYLNAPHTHALENE","2,6-DIISOPROPYLNAPHTHAL»NE",NO,24157-81-1
"2-(HYDROXYMETHYL)-2-NITRO-1,3-PROPANEDIOL",TRIS (HYDROXYM…THYL) NITROM…THANE (N.M.),YES,126-11-4
2-(P-HYDROXYPHENYL)GLYOXYLOHYDROXYMOYL CHLORIDE,CHLORURE DE (P-HYDROXYPHENYL)-2 GLYOXYLOHYDROXYMOYL (M),NO,34911-46-1
2-(THIOCYANOMETHYLTHIO)BENZOTHIAZOLE,BENZOTHIAZOLE DE 2-(THIOCYANOM…THYLTHIO),YES,21564-17-0
2-BROMO-4'-HYDROXYACETOPHENONE,BROMO-2 HYDROXY-4' ACETOPHENONE,NO,2491-38-5
2-HYDROXYETHYL N-OCTYL SULFIDE PLUS RELATED ACTIVE COMPOUNDS,SULFURE HYDROXYETHYL-2 DE N-OCTYLE ET DERIVES ACTIFS (M),NO,3547-33-9
2-METHYL-1-BUTANOL,2-M…THYL-1-BUTANOL (N.M.),NO,137-32-6
2-METHYL-4-ISOTHIAZOLIN-3-ONE,2-M…THYL-4-ISOTHIAZOLIN-3-ONE,YES,2682-20-4
2-N-OCTYL-4-ISOTHIAZOLIN-3-ONE,2-N-OCTYL-4-ISOTHIAZOLIN-3-ONE,NO,26530-20-1
2-PHENETHYL PROPIONATE,PROPIONATE DE 2-PH…N…THYLE,NO,122-70-3
2-PHENYLPHENOL,2-PH…NYLPH…NOL (N.M.),YES,90-43-7
2-PHENYLPHENOL (PRESENT AS POTASSIUM SALT),2-PH…NYLPH…NOL (PR…SENT SOUS FORME DE SEL DE POTASSIUM),YES,13707-65-8
2-PHENYLPHENOL (PRESENT AS SODIUM SALT),2-PH…NYLPH…NOL (N.M.) (PR…SENT SOUS FORME DE SEL DE SODIUM),YES,132-27-4
"3,3'-METHYLENEBIS(5-METHYLOXAZOLIDINE)","3,3'-METHYLENEBIS(5-METHYLOXAZOLIDINE)",NO,66204-44-2
"3,7-DIMETHYL-1,6-OCTADIEN-3-OL","3,7-DIMETHYL-1,6-OCTADIEN-3-OL",NO,78-70-6
"3-(TRIHYDROXYSILYL)PROPYLDIMETHYLOCTADECYL AMMONIUM CHLORIDE
",CHLORURE D'AMMONIUM (TRIHYDROXYSILYL)-3 PROPYLDIMETHYLOCTADECYL (N.M.),NO,199111-50-7
3-(TRIMETHOXYSILYL)PROPYLDIMETHYLOCTADECYL AMMONIUM CHLORIDE,CHLORURE D'AMMONIUM (3-(TRIM…THOXYSILYL) PROPYLDIM…THYLOCTAD…CYL),NO,27668-52-6
"3-CHLORO-1,2-PROPANEDIOL","CHLORO-3 PROPANE DIOL-1,2",NO,96-24-2
3-CHLORO-4-METHYLANILINE HYDROCHLORIDE,"3-CHLORO-4-M…THYLANILINE, CHLORHYDRATE",NO,7745-89-3
3-DECEN-2-ONE,3-D…C…N-2-ONE,NO,10519-33-2
3-IODO-2-PROPYNYL BUTYL CARBAMATE,N-BUTYLCARBAMATE DE 3-IODO-2-PROPYN-1-YLE,YES,55406-53-6
"3-KETOPETROMYZONOL-24-SULFATE, AMMONIUM SALT","3-KETOPETROMYZONOL-24-SULFATE, SEL D'AMMONIUM",NO,
3-METHYL-2-CYCLOHEXEN-1-ONE,3-M…THYLE-2-CYCLOHEX»NE-1-ONE,NO,1193-18-6
3-METHYL-4-CHLOROPHENOL (OR: P-CHLORO-M-CRESOL),4-CHLORO-3-M…THYL-PH…NOL,NO,59-50-7
"4,4'(2NITRO-2-ETHYLTRIMETHYLENE) DIMORPHOLINE","(NITRO-2 ETHYLTRIMETHYLENE)-4,4' DIMORPHOLINE",NO,
"4,5-DICHLORO-2-N-OCTYL-3(2H)-ISOTHIAZOLONE","4,5-DICHLORO-2-N-OCTYL-3(2H)-ISOTHIAZOLONE",YES,64359-81-5
4-AMINOPYRIDINE,4-AMINOPYRIDINE (N.F.),NO,504-24-5
"4-CHLORO-3,5-XYLENOL","CHLORO-4 XYLENOL-3,5 (M)",NO,88-04-0
4-CHLORO-3-METHYLPHENOL (SODIUM SALT),4-CHLORO-3-M…THYL PH…NOL (PR…SENT SOUS FORME DE SEL DE SODIUM),NO,15733-22-9
4-CHLOROINDOLE-3-ACETIC ACID,ACIDE 4-CHLOROINDOLE-3-AC…TIQUE,NO,2519-61-1
"4-CHLOROINDOLE-3-ACETIC ACID, PRESENT AS POTASSIUM SALT","ACIDE 4-CHLOROINDOLE-3-AC…TIQUE, PR…SENT SOUS FORME DE SEL DE POTASSIUM",NO,
4-CPA,4-CPA,NO,122-88-3
4-NITRO-3-(TRIFLUOROMETHYL)PHENOL OR SODIUM SALT,4-NITRO-3-(TRIFLUOROM…THYL)PH…NOL OU 4-NITRO-3-(TRIFLUOROM…THYL)PH…NOLATE DE SODIUM,YES,88-30-2
"5,5-DIMETHYLHYDANTOIN","5,5-DIM…THYLHYDANTOœNE",NO,77-71-4
"5-CHLORO-2-(2,4-DICHLOROPHENOXY)PHENOL","5-CHLORO-2-(2,4-DICHLOROPHENOXY)PHENOL",NO,3380-34-5
5-CHLORO-2-METHYL-4-ISOTHIAZOLIN-3-ONE,5-CHLORO-2-M…THYL-4-ISOTHIAZOLIN-3-ONE,YES,26172-55-4
"5BETA-ANDROSTAN-3ALPHA, 17BETA-DIOL-11-ONE-17-SULPHATE, SODIUM SALT","5BETA-ANDROSTAN-3ALPHA, 17BETA-DIOL-11-ONE-17-SULPHATE, SODIUM SALT",NO,
"5BETA-ANDROSTAN-3ALPHA-0L-11,17-DIONE","5BETA-ANDROSTAN-3ALPHA-0L-11,17-DIONE",NO,739-27-5
"5BETA-ANDROSTAN-3ALPHA-OL-11, 17-DIONE
GLUCOSIDURONATE","5BETA-ANDROSTAN-3ALPHA-OL-11, 17-DIONE
GLUCOSIDURONATE",NO,17181-16-7
"5BETA-ANDROSTAN-3ALPHA-OL-11, 17-DIONE,SULPHATE, SODIUM SALT","5BETA-ANDROSTAN-3ALPHA-OL-11, 17-DIONE,SULPHATE, SODIUM SALT",NO,
6-BENZYLAMINOPURINE (OR: 6-BENZYLADENINE),BENZYL AD…NINE (N.F.),YES,1214-39-7
"8,10-DODECADIEN-1-OL, 1ACETATE, (E,E)-","8,10-DODECADIEN-1-OL, 1AC…TATE, (E,E)-",NO,53880-51-6
98SUMITHRIN,98SUMITHRIN,NO,
ABAMECTIN,ABAMECTINE (N.F.),NO,71751-41-2
ACEPHATE,AC…PHATE (N.M.),YES,30560-19-1
"ACEQUINOCYL
",AC…QUINOCYLE (N.M.),YES,57960-19-7
ACETAMIPRID,AC…TAMIPRIDE (N.M.),YES,135410-20-7
ACETIC ACID,ACIDE AC…TIQUE (N.M.),NO,64-19-7
ACETOCHLOR,AC…TOCHLORE,NO,34256-82-1
ACIBENZOLAR-S-METHYL,ACIBENZOLAR-S-M…THYLE (N.M.),NO,135158-54-2
ACIFLUORFEN (PRESENT AS SODIUM SALT),ACIFLUORF»NE (N.M.) (PR…SENT SOUS FORME DE SEL DE SODIUM),YES,62476-59-9
ACROLEIN,ACROL…INE (N.F.),NO,107-02-8
ACTIVE RECORD CREATED BY THE VAX/INGRES TO ORACLE MIGRATION JUNE 1999. NON-EXISTENT ACTIVE WAS BEING REFERRED TO BY RELATED RECORDS.,ACTIVE RECORD CREATED BY THE VAX/INGRES TO ORACLE MIGRATION JUNE 1999. NON-EXISTENT ACTIVE WAS BEING REFERRED TO BY RELATED RECORDS.,NO,
ACYNONAPYR,ACYNONAPYR,NO,1332838-17-1
AFIDOPYROPEN,AFIDOPYROP»NE (N.M.),NO,915972-17-7
AGROBACTERIUM RADIOBACTER,AGROBACTERIUM RADIOBACTER,NO,
AKANTHOMYCES MUSCARIUS STRAIN VE6,AKANTHOMYCES MUSCARIUS SOUCHE VE6,NO,
ALCOHOL ETHOXYLATE,ALCOOL …THOXYL…,NO,68439-46-3
"ALCOHOLS, C10-16, ETHOXYLATED",ALCOOLS EN C1-16 …THOXYL…S,NO,68002-97-1
ALDICARB,ALDICARBE (M),NO,116-06-3
ALDRIN,ALDRINE (M),NO,309-00-2
ALKANOLAMINE SALTS OF FATTY ACIDS,SELS ALCONOLAMIN…S D?ACIDES GRAS,NO,
"ALKYL (67% C18, 33% C14) DODECYLBENZYL DIMETHYL AMMONIUM CHLORIDE","CHLORURE D'ALKYL (67% C-18,33% C-14) DODECYLBENZYL DIMETHYLE",NO,
"ALKYL MORPHOLINIUM ETHOSULPHATE (1% C14, 22% C16, 77% C18)","ETHOSULFATE (1% C14, 22% C16, 77% C18)D'ALKYL MORPHOLINIUM",NO,
"ALKYL(40% C12, 50% C14, 10% C16)DIMETHYLBENZYLAMMONIUM CHLORIDE","CHLORURE N-ALKYL (40% C12, 50% C14, 10% C16) DIM…THYL BENZYL AMMONIUM",YES,68424-85-1
ALLETHRIN,ALLETHRINE (F),NO,584-79-2
ALPHA-CYPERMETHRIN,ALPHA-CYPERMETHRINE (F),NO,67375-30-8
ALUMINUM PHOSPHIDE,PHOSPHURE D'ALUMINIUM (N.M.),NO,20859-73-8
AMETOCTRADIN,AM…TOCTRADINE (N.F.),NO,865318-97-4
AMINOCARB,AMINOCARBE (M),NO,2032-59-9
AMINOCYCLOPYRACHLOR,AMINOCYCLOPYRACHLORE (N.M.),NO,858956-08-8
AMINOCYCLOPYRACHLOR POTASSIUM SALT,AMINOCYCLOPYRACHLORE SEL DE POTASSIUM (N.M.),NO,858956-35-1
AMINOPYRALID,AMINOPYRALIDE (N.M.),YES,150114-71-9
AMINOPYRALID (PRESENT AS POTASSIUM SALT),AMINOPYRALIDE (N.M.) (PR…SENT SOUS FORME DE SEL DE POTASSIUM),YES,566191-87-5
AMINOPYRALID (PRESENT AS TRIISOPROPANOLAMINE SALT),AMINOPYRALIDE (N.M.) (PR…SENT SOUS FORME DE SEL DE TRIISOPROPANOLAMINE),YES,566191-89-7
AMISULBROM,AMISULBROM,NO,348635-87-0
AMITRAZ,AMITRAZE,NO,33089-61-1
AMITROLE,AMITROLE,NO,61-82-5
AMMONIA (PRESENT AS AMMONIUM CARBAMATE),AMMONIAC (PR…SENT SOUS FORME DE CARBAMATE D'AMMONIUM),NO,1111-78-0
AMMONIA (PRESENT AS AMMONIUM SULFATE),AMMONIAC (N.M.) (PR…SENT SOUS FORME DE SULPHATE D'AMMONIUM),NO,7783-20-2
AMMONIUM BICARBONATE,BICARBONATE D'AMMONIUM,NO,1066-33-7
AMMONIUM BROMIDE,BROMURE D'AMMONIUM (N.M.),YES,12124-97-9
AMMONIUM SALT OF FATTY ACID,SEL D'AMMONIUM D'ACIDE GRAS (N.M.),NO,84776-33-0
AMMONIUM SALTS OF HIGHER FATTY ACIDS,SELS D'AMMONIUM D'ACIDES GRAS SUP…RIEURS,NO,
AMMONIUM SULPHAMATE,SULFAMATE D'AMMONIUM,NO,7773-06-0
AMMONIUM SULPHATE,SULPHATE D'AMMONIUM (M),NO,7783-20-2
AMYLASE,AMYLASE,NO,
ANCYMIDOL,ANCYMIDOLE (N.M.),NO,12771-68-5
ANHYDROUS AMMONIA,"AMMONIAC, ANHYDRE",NO,7664-41-7
ANILAZINE,ANILAZINE (F),NO,101-05-3
ANTHRAQUINONE,ANTHRAQUINONE (N.M.),NO,84-65-1
ARSENIC ACID,ACIDE ARS…NIQUE (N.M.),NO,7778-39-4
ARSENIC AS ELEMENTAL (PRESENT AS MONOSODIUM METHANE ARSENATE),"ARSENIC ELEMENTAIRE, PRESENT SOUS FORME DE METHANEARSENATE MONOSODIQUE",NO,2163-80-6
"ARSENIC AS ELEMENTAL, PRESENT AS DODECYL AND OCTYL AMMONIUM METHYL ARSENATES","ARSENIC ELEMENTAIRE (M), PRESENT SOUS FORME DE M…THYLE ARSONATE D'AMMONIUM",NO,6379-37-9
ARTIFICIAL ESSENTIAL OIL BLEND,M…LANGE D'HUILES ESSENTIELLES ARTIFICIELLES,NO,
ASPHALT SOLIDS,MATIERES ASPHALTIQUES SOLIDES,NO,8052-42-4
ASULAM,ASULAME (M),NO,3337-71-1
ATRAZINE (PLUS RELATED ACTIVE TRIAZINES),ATRAZINE (N.F.) (ET TRIAZINES ACTIFS APPARENT…S),YES,1912-24-9
ATTENUATED CUCUMBER GREEN MOTTLE MOSAIC VIRUS STRAIN ON-BM3; AL-BIO10,VIRUS DE LA MOSAœQUE MARBR…E VERTE DU CONCOMBRE SOUCHE ON-BM3; AL-BIO10,NO,
ATTENUATED TOMATO BROWN RUGOSE FRUIT VIRUS,VIRUS DU FRUIT RUGUEUX BRUN DE LA TOMATE,NO,
AUREOBASIDIUM PULLULANS DSM 14940 AND DSM 14941,AUREOBASIDIUM PULLULANS DSM 14940 ET DSM 14941,NO,
AUREOBASIDIUM PULLULANS STRAIN DSM 14940,AUREOBASIDIUM PULLULANS SOUCHE DSM 14940,NO,
AUREOBASIDIUM PULLULANS STRAIN DSM 14941,AUREOBASIDIUM PULLULANS SOUCHE DSM 14941,NO,
AUTOGRAPHA CALIFORNICA NUCLEOPOLYHEDROVIRUS FV11,NUCL…OPOLYH…DROVIRUS AUTOGRAPHA CALIFORNICA FV11,NO,
"AVAILABLE BROMINE (PRESENT AS 1-BROMO-3-CHLORO-5,5-DIMETHYLHYDANTOIN AND RELATED HYDANTOINS)","BROME DISPONIBLE (N.M.) (PR…SENT SOUS FORME DE  1-BROMO-3-CHLORO-5,5-DIM…THYLHYDANTOœNE ET HYDANTOœNE RELI…ES)",YES,16079-88-2
"AVAILABLE CHLORINE (PRESENT AS 1,3-DICHLORO-5,5-DIMETHYLHYDANTOIN AND 1,3- DICHLORO-5-ETHYL-5-METHYLHYDANTOIN)","CHLORE DISPONIBLE (N.M.) (PR…SENT SOUS FORME DE 1,3-DICHLORO-5,5-DIM…THYLHYDANTOœNE ET 1,3- DICHLORO-5-…THYL-5-M…THYLHYDANTOœNE)",YES,
"AVAILABLE CHLORINE (PRESENT AS 1-BROMO-3-CHLORO-5,5-DIMETHYLHYDANTOIN AND RELATED HYDANTOINS)","CHLORE DISPONIBLE (N.M.) (PR…SENT SOUS FORME DE  1-BROMO-3-CHLORO-5,5-DIM…THYLHYDANTOœNE ET HYDANTOœNE RELI…ES)",YES,16079-88-2
"AVAILABLE CHLORINE (PRESENT AS 1-BROMO-3-CHLORO-5,5-DIMETHYLHYDANTOIN, 1,3-DICHLORO-5,5-DIMETHYLHYDANTOIN, 1,3-DICHLORO-5-ETHYL-5-METHYLHYDANTOIN AND RELATED HYDANTOINS)","CHLORE DISPONIBLE (N.M.) (PR…SENT SOUS FORME DE 1-BROMO-3-CHLORO-5,5-DIM…THYLHYDANTOœNE, 1,3-DICHLORO-5,5-DIM…THYLHYDANTOœNE, 1,3-DICHLORO-5-…THYL-5-M…THYLHYDANTOœNE ET HYDANTOœNE RELI…ES)",YES,
AVAILABLE CHLORINE (PRESENT AS CALCIUM HYPOCHLORITE),CHLORE DISPONIBLE (N.M.) (PR…SENT SOUS FORME D'HYPOCHLORITE DE CALCIUM),NO,7778-54-3
AVAILABLE CHLORINE (PRESENT AS LITHIUM HYPOCHLORITE),CHLORE DISPONIBLE (N.M.) (PR…SENT SOUS FORME D'HYPOCHLORITE DE LITHIUM),NO,13840-33-0
AVAILABLE CHLORINE (PRESENT AS SODIUM DICHLORO-S-TRIAZINETRIONE),CHLORE DISPONIBLE (N.M.) (PR…SENT SOUS FORME DE  DICHLORO S-TRIAZINETRIONE SODIQUE),YES,2893-78-9
AVAILABLE CHLORINE (PRESENT AS SODIUM HYPOCHLORITE),CHLORE DISPONIBLE (N.M.) (PR…SENT SOUS FORME D'HYPOCHLORITE SODIQUE),NO,7681-52-9
AVAILABLE CHLORINE (PRESENT AS TRICHLORO-S-TRIAZINETRIONE AND SODIUM DICHLORO-S-TRIAZINETRIONE),CHLORE DISPONIBLE (N.M.) (PR…SENT SOUS FORME DE TRICHLORO-S-TRIAZINETRIONE ET DICHLORO-S-TRIAZINETRIONE SODIQUE),YES,
AVAILABLE CHLORINE (PRESENT AS TRICHLORO-S-TRIAZINETRIONE),CHLORE DISPONIBLE (N.M.) (PR…SENT SOUS FORME DE  TRICHLORO S-TRIAZINETRIONE),YES,87-90-1
"AVAILABLE CHLORINE PRESENT AS 1,3-DICHLORO-5,5-DIMETHYLHYDANTOIN","CHLORE DISPONIBLE PR…SENT SOUS FORME DE  1,3-DICHLORO-5,5-DIM…THYLHYDANTOœNE",NO,118-52-5
"AVAILABLE CHLORINE, PRESENT AS HYPOCHLOROUS ACID",CHLORE DISPONIBLE PRESENT SOUS FORME D'ACIDE HYPOCHLOREUX,NO,7790-92-3
AVIGLYCINE HYDROCHLORIDE,CHLORHYDRATE D'AVIGLYCINE (N.F.),NO,55720-26-8
AZACONAZOLE,AZACONAZOLE,NO,60207-31-0
AZACOSTEROL HYDROCHLORIDE,CHLORHYDRATE D'AZACOSTEROL (M),NO,1249-84-9
AZADIRACHTIN,AZADIRACHTINE (N.F.),NO,11141-17-6
AZAMETHIPHOS,AZAM…THIPHOS (N.M.),YES,35575-96-3
AZINPHOS-METHYL,AZINPHOS-METHYL,NO,86-50-0
AZOXYSTROBIN,AZOXYSTROBINE (N.F.),YES,131860-33-8
B-BROMO-B-NITROSTYRENE,B-BROMO B-NITROSTYROLENE,NO,7166-19-0
B-BUTOXY-B'-THIOCYANODIETHYL ETHER,ETHER B-BUTOXY B'-THIOCYANO DIETHYL (M),NO,112-56-1
BACILLUS AMYLOLIQUEFACIENS STRAIN AP52,BACILLUS AMYLOLIQUEFACIENS SSOUCHE AP52,NO,
BACILLUS AMYLOLIQUEFACIENS STRAIN F727,BACILLUS AMYLOLIQUEFACIENS SOUCHE F727,NO,
BACILLUS AMYLOLIQUEFACIENS STRAIN FZB42,BACILLUS AMYLOLIQUEFACIENS SOUCHE FZB42,NO,
BACILLUS AMYLOLIQUEFACIENS STRAIN MBI600,BACILLUS AMYLOLIQUEFACIENS SOUCHE MBI600,NO,
"BACILLUS AMYLOLIQUEFACIENS, STRAIN D747","BACILLUS AMYLOLIQUEFACIENS, SOUCHE D747",NO,
"BACILLUS AMYLOLIQUEFACIENS, STRAIN PTA-4838","BACILLUS AMYLOLIQUEFACIENS, SOUCHE PTA-4838",NO,
BACILLUS FIRMUS STRAIN I-1582,BACILLUS FIRMUS SOUCHE I-1582,NO,
BACILLUS LICHENIFORMIS DSL 12713,BACILLUS LICHENIFORMIS DSL 12713,NO,
BACILLUS LICHENIFORMIS STRAIN FMCH001,BACILLUS LICHENIFORMIS SOUCHE FMCH001,NO,
BACILLUS MOJAVENSIS ATCC 55732,BACILLUS MOJAVENSIS ATCC 55732,NO,
BACILLUS MOJAVENSIS NRRL B-14698,BACILLUS MOJAVENSIS NRRL B-14698,NO,
BACILLUS MOJAVENSIS NRRL B-14818,BACILLUS MOJAVENSIS NRRL B-14818,NO,
BACILLUS MYCOIDES ISOLATE J,BACILLUS MYCOIDES ISOLAT J,NO,
BACILLUS SIMPLEX STRAIN BU288,BACILLUS SIMPLEX SOUCHE BU288,NO,
BACILLUS SUBTILIS (STRAIN BU 1814),BACILLUS SUBTILIS (SOUCHE BU 1814),NO,
BACILLUS SUBTILIS (STRAIN GB03),BACILLUS SUBTILIS (SOUCHE GB03),NO,
BACILLUS SUBTILIS (STRAIN QST 713),BACILLUS SUBTILIS (SOUCHE QST 713),NO,
BACILLUS SUBTILIS DSL 6051,BACILLUS SUBTILIS DSL 6051,NO,
BACILLUS SUBTILIS STRAIN AFS032321,BACILLUS SUBTILIS SOUCHE AFS032321,NO,
BACILLUS SUBTILIS STRAIN FMCH002,BACILLUS SUBTILIS SOUCHE FMCH002,NO,
BACILLUS SUBTILIS STRAIN RTI477,BACILLUS SUBTILIS SOUCHE RTI477,NO,
BACILLUS SUBTILIS VAR. AMYLOLIQUEFACIENS STRAIN FZB24,BACILLUS SUBTILIS VAR. AMYLOLIQUEFACIENS SOUCHE FZB24,NO,
BACILLUS THURINGIENSIS BERLINER SSP KURSTAKI STRAIN EVB113-19,BACILLUS THURINGIENSIS BERLINER SSP KURSTAKI SOUCHE EVB113-19,NO,
BACILLUS THURINGIENSIS SSP. AIZAWAI STRAIN ABTS-1857,BACILLUS THURINGIENSIS SSP. AIZAWAI SOUCHE ABTS-1857,NO,
BACILLUS THURINGIENSIS SSP. SAN DIEGO,BACILLUS THURINGIENSIS (VAR SAN DIEGO),NO,
BACILLUS THURINGIENSIS SSP. TENEBRIONIS,BACILLUS THURINGIENSIS SSP. TENEBRIONIS,YES,
BACILLUS THURINGIENSIS STRAIN RTI545,BACILLUS THURINGIENSIS SOUCHE RTI545,NO,
"BACILLUS THURINGIENSIS SUBSP. GALLERIAE, STRAIN SDS-502","BACILLUS THURINGIENSIS SOUS-ESP»CES GALLERIAE, SOUCHE SDS-502",NO,
"BACILLUS THURINGIENSIS SUBSP. KURSTAKI, STRAIN VBTS-2546","BACILLUS THURINGIENSIS SOUS-ESP»CES KURSTAKI, SOUCHE VBTS-2546",NO,
BACILLUS THURINGIENSIS SUBSPECIES KURSTAKI (ALL STRAINS),BACILLUS THURINGIENSIS VAR KURSTAKI,YES,
"BACILLUS THURINGIENSIS VAR.
ISRAELENSIS

","BACILLUS THURINGIENSIS VAR.
ISRAELENSIS

",NO,
"BACILLUS THURINGIENSIS, SEROTYPE H-14","BACILLUS THURINGIENSIS, S…ROTYPE H-14",YES,
BACILLUS VELEZENSIS CNPSO 3602,BACILLUS VELEZENSIS CNPSO 3602,NO,
BACILLUS VELEZENSIS STRAIN RTI301,BACILLUS VELEZENSIS SOUCHE RTI301,NO,
BACULOVIRUS OF BLACKHEADED FIREWORM RHOPOBOTA NAEVANA BETABACULOVIRUS,"BACULOVIRUS DU VER DE FEU ¿ T TE NOIRE, RHOPOBOTA NAEVANA BETABACULOVIRUS",NO,
BARIUM METABORATE MONOHYDRATE,METABORATE DE BARIUM MONOHYDRATE,NO,13701-59-2
"BEAUVERIA BASSIANA ATCC 74040
","BEAUVERIA BASSIANA ATCC 74040
",NO,
BEAUVERIA BASSIANA STRAIN ANT 03,BEAUVERIA BASSIANA SOUCHE ANT 03,NO,
BEAUVERIA BASSIANA STRAIN BW149,BEAUVERIA BASSIANA SOUCHE BW149,NO,
BEAUVERIA BASSIANA STRAIN CFL-A,BEAUVERIA BASSIANA SOUCHE CFL-A,NO,
BEAUVERIA BASSIANA STRAIN GHA,BEAUVERIA BASSIANA SOUCHE GHA,YES,
BEAUVERIA BASSIANA STRAIN HF23,BEAUVERIA BASSIANA SOUCHE HF23,YES,
BEAUVERIA BASSIANA STRAIN PPRI 5339,BEAUVERIA BASSIANA SOUCHE PPRI 5339,NO,
BEAUVERIA BASSIANA STRAIN R444,BEAUVERIA BASSIANA SOUCHE R444,NO,
BENAZOLIN PRESENT AS DIMETHYLAMINE SALT,"BENAZOLINE (F), PRESENT SOUS FORME DE SEL DE DIMETHYLAMINE",NO,3813-05-6
BENDIOCARB,BENDIOCARBE,NO,22781-23-3
BENOMYL,BENOMYL (M),NO,17804-35-2
BENSULIDE,BENSULIDE (N.M.),YES,741-58-2
BENTAZON,BENTAZONE (N.F.),YES,25057-89-0
BENTAZON (PRESENT AS SODIUM SALT),BENTAZONE (N.F.) (PR…SENT SOUS FORME DE SEL DE SODIUM),YES,50723-80-3
"BENTHIAVALICARB-ISOPROPYL
","BENTHIAVALICARBE-ISOPROPYL
",NO,177406-68-7
BENZODODECINIUM BROMIDE,BROMURE DE BENZODOD…CINIUM (N.M.),NO,7281-04-1
BENZOIC ACID,ACIDE BENZOœQUE (M),NO,65-85-0
BENZOVINDIFLUPYR,BENZOVINDIFLUPYR (N.M.),NO,1072957-71-1
BENZOYLPROP-ETHYL,BENZOYLPROP-…THYLE (M),NO,33878-50-1
BENZYL BENZOATE,BENZOATE DE BENZYLE (N.M.),NO,120-51-4
BENZYL BROMOACETATE,BROMOACETATE DE BENZYLE (M),NO,5437-45-6
BETA-CYFLUTHRIN,B TA-CYFLUTHRINE (N.F.),NO,68359-37-5
BICYCLOPYRONE,BICYCLOPYRONE (N.M.),NO,352010-68-5
BIFENAZATE,BIF…NAZATE (N.M.),YES,149877-41-8
BIFENTHRIN,BIFENTHRINE,NO,82657-04-3
BIS(TRICHLOROMETHYL)SULFONE,SULFONE BIS(TRICHLOROMETHYL),NO,3064-70-8
BISPYRIBAC-SODIUM,BISPYRIBAC-SODIUM (N.M.),YES,125401-92-5
BIXAFEN,BIXAF»NE (N.M.),NO,581809-46-3
BLAD POLYPEPTIDE,BLAD POLYPEPTIDE,NO,
"BLEND OF OILS: OF LEMONGRASS, OF CITRONELLA, OF ORANGE, OF BERGAMOT; GERANIOL, IONONE ALPHA, METHYL SALICYLATE AND ALLYLISOTHIOCYANATE","MELANGE D'ESSENCES: DE LEMONGRASS, DE CITRONELLE, D'ORANGE, DE BERGAMOTE; GERANIOL, IONONE ALPHA, SALICYLATE DE METHYLE ET ALLYLISOTHIOCYANATE",NO,
BONE OIL,HUILE D'OS (N.F.),NO,8001-85-2
BORAX,BORAX (N.M.),NO,1303-96-4
BORAX PENTAHYDRATE,BORAX PENTAHYDRAT… (N.M.),NO,11130-12-4
"BORAX, ANHYDROUS","BORAX, ANHYDRE",NO,1330-43-4
BORIC ACID,ACIDE BORIQUE (N.M.),NO,10043-35-3
"BORIC ACID (H3BO3), POLYMER WITH N-DECYL-1-DECANAMINE, OXIRANE AND 1,2-PROPANEDIOL","BORIC ACID (H3BO3), POLYMER WITH N-DECYL-1-DECANAMINE, OXIRANE AND 1,2-PROPANEDIOL",NO,214710-34-6
BORON EQUIVALENT,…QUIVALENT EN BORE (N.M.),NO,
BOSCALID,BOSCALIDE (N.M.),YES,188425-85-6
BRASSICA HIRTA WHITE MUSTARD SEED POWDER,POUDRE DE GRAINE DE MOUTARDE BLANCHE (BRASSICA HIRTA) (N.F.),NO,
BRODIFACOUM,BRODIFACOUM (N.M.),YES,56073-10-0
BROFLANILIDE,BROFLANILIDE (N.M.),NO,1207727-04-5
"BROMACIL (PRESENT IN FREE FORM, AS DIMETHYLAMINE SALT, OR AS LITHIUM SALT)","BROMACIL (N.M.) (PR…SENT SOUS FORME DE BROMACIL, DE SEL DE DIM…THYLAMINE OU DE SEL DE LITHIUM)",YES,314-40-9
BROMADIOLONE,BROMADIOLONE (N.F.),YES,28772-56-7
BROMETHALIN,BROM…THALINE (N.F.),YES,63333-35-7
BROMOXYNIL,BROMOXYNIL (N.M.),YES,
BRONOPOL,BRONOPOL (N.M.),YES,52-51-7
BUPROFEZIN,BUPROF…ZIN (N.F.),NO,953030-84-7
BURKHOLDERIA SP STRAIN A396 CELLS AND SPENT FERMENTATION MEDIA,BURKHOLDERIA SP STRAIN A396 CELLS AND SPENT FERMENTATION MEDIA,NO,
BUTOXYPOLYPROPOXYPOLYETHOXYETHANOL - IODINE COMPLEX,COMPLEX IODE DE BUTOXYPOLYPROPOXYPOLYETHOXYETHANOL,NO,68610-00-4
BUTOXYPOLYPROPYLENE GLYCOL,…THER MONOBUTYLIQUE DU POLYPROPYL»NE GLYCOL,NO,9003-13-8
BUTYLATE,BUTILATE (M),NO,2008-41-5
C. ROSEA STRAIN 321U,C. ROSEA STRAIN 321U,NO,
C12-C16- ALKYLDIMETHYLAMINE OXIDES AND RELATED AMINE OXIDES,C12-C16- ALKYLDIM…THYLAMINO-OXYDES ET LES D…RIV…S D'OXYDES,NO,85408-49-7
CALCIUM ACETATE,AC…TATE DE CALCIUM,NO,62-54-4
CALCIUM DISODIUM EDTA HYDRATE,EDTA DE CALCIUM ET DE DISODIUM HYDRAT…,NO,23411-34-9
CALCIUM HYPOCHLORITE,HYPOCHLORITE DE CALCIUM,NO,7778-54-3
CALCIUM POLYSULFIDE,POLYSULFURE DE CALCIUM (N.M.),YES,1344-81-6
CAMPHOR OIL,HUILE DE CAMPHRE (N.F.),NO,8008-51-3
CANDIDA OLEOPHILA STRAIN O,CANDIDA OLEOPHILA  SOUCHE O,NO,
CANOLA FLEA BEETLE T57336 DOUBLE STRANDED RNA,CANOLA FLEA BEETLE T57336 DOUBLE STRANDED RNA,NO,
CANOLA OIL,HUILE DE CANOLA (N.F.),NO,120962-03-0
CAPRIC ACID,ACIDE CAPRIQUE (N.M.),NO,334-48-5
CAPROIC ACID,ACIDE CAPROœQUE,NO,142-62-1
CAPRYLIC ACID,ACIDE CAPRYILIQUE (N.M.),NO,124-07-2
CAPSAICIN,CAPSAœCINE (N.F.),NO,404-86-4
CAPTAN,CAPTANE (N.M.),NO,133-06-2
CARBARYL,CARBARYL (N.M.),YES,63-25-2
CARBATHIIN,CARBATHIINE,YES,5234-68-4
CARBENDAZIM,CARBENDAZIME (N.M.),YES,10605-21-7
CARBENDAZIM-PHOSPHATE,PHOSPHURE DE CARBENDAZIME (M),NO,52316-55-9
CARBOFURAN,CARBOFURAN,NO,1563-66-2
CARBON DIOXIDE GAS,DIOXYDE DE CARBONE GAZEUX (N.M.),NO,124-38-9
CARFENTRAZONE-ETHYL,CARFENTRAZONE-…THYLE,YES,128639-02-1
CASTOR OIL,HUILE DE RICIN (N.F.),NO,8001-79-4
CEDAR LEAF OIL,HUILE DE FEUILLES DE CEDRE (N.F.),NO,8007-20-3
CEDARWOOD OIL,HUILE DE BOIS DE C»DRE (N.F.),NO,8000-27-9
CEDARWOOD OIL (JUNIPERUS MEXICANA EXTRACT),HUILE DE BOIS DE C»DRE (EXTRAIT DE JUNIPERUS MEXICANA) (N.F.),NO,91722-61-1
CELLULOSE (FROM POWDERED CORN COBS),CELLULOSE PROVENANT DE TROGNONS DE MAœS EN POUDRE,NO,9004-34-6
CHINOMETHIONAT,CHINOMETHIONATE (M),NO,2439-01-2
CHITOSAN,CHITOSAN,NO,9012-76-4
CHLORAMBEN PRESENT AS AMMONIUM SALT OR AS SODIUM SALT,"CHLORAMBENE (M), PRESENT SOUS FORME DE SEL D'AMMONIUM OU DE SEL DE SODIUM",NO,
CHLORANTRANILIPROLE,CHLORANTRANILIPROLE (N.M.),YES,500008-45-7
CHLORDANE,CHLORDANE (M) (TECHNIQUE),NO,57-74-9
CHLORDECONE,CHLORDECONE (M),NO,143-50-0
CHLORFENAPYR,CHLORF…NAPYR (N.M.),NO,122453-73-0
CHLORFENVINPHOS,CHLORFENVINPHOS (M),NO,2701-86-2
CHLORFLURECOL-METHYL,CHLORFLURECOL-M…THYLE (M),NO,2536-31-4
CHLORIMURON-ETHYL,CHLORIMURON-…THYLE (N.M.),NO,90982-32-4
CHLORITE [MINERAL],CHORITES [MIN…RAUX],NO,1318-59-8
CHLORMEQUAT CHLORIDE,CHLORM…QUAT-CHLORURE (N.M.),YES,999-81-5
CHLOROACETAMIDE,CHLOROACETAMIDE,NO,79-07-2
CHLOROBENZILATE,CHLOROBENZILATE (M),NO,510-15-6
CHLORONEB,CHLORONEBE,NO,2675-77-6
CHLOROPHACINONE,CHLOROPHACINONE (N.F.),YES,3691-35-8
CHLOROPICRIN,CHLOROPICRINE (N.F.),NO,76-06-2
CHLOROTHALONIL,CHLOROTHALONIL (N.M.),YES,1897-45-6
CHLORPROPHAM,CHLORPROPHAME (N.M.),YES,101-21-3
CHLORPYRIFOS,CHLORPYRIFOS,YES,2921-88-2
CHLORSULFURON,CHLORSULFURON (N.M.),YES,64902-72-3
CHLORTHAL (PRESENT AS DIMETHYL ESTER),"CHLORTHAL (M), PRESENT SOUS FORME D'ESTER DE DIM…THYLE",NO,1861-32-1
CHOLECALCIFEROL,CHOLECALCIFEROL,NO,67-97-0
CHONDROSTEREUM PURPUREUM (STRAIN: HQ1):CHONDROSTEREUM PURPUREUM (STRAIN: NORTH AMERICAN; PATHOVAR: PFC2139),CHONDROSTEREUM PURPUREUM (STRAIN: HQ1),NO,
CHONDROSTEREUM PURPUREUM STRAIN PFC2139,CHONDROSTEREUM PURPUREUM SOUCHE PFC2139,NO,
CHROMIC ACID,ACIDE CHROMIQUE (N.M.),NO,7738-94-5
CHROMOBACTERIUM SUBTSUGAE STRAIN PRAA4-IT CELLS AND SPENT FERMENTATION MEDIA,CHROMOBACTERIUM SUBTSUGAE STRAIN PRAA4-IT CELLS AND SPENT FERMENTATION MEDIA,NO,
CIS-JASMONE,CIS-JASMONE,NO,488-10-8
CITRIC ACID,ACIDE CITRIQUE (M),NO,77-92-9
CITRONELLA OIL,HUILE DE CITRONNELLE (N.F.),NO,8000-29-1
CITRONELLA TERPENE,TERP»NE DE CITRONELLE,NO,
CITRONELLAL,CITRONELLAL,NO,
CLAVIBACTER MICHIGANENSIS (SPP MICHIGANENSIS) BACTERIOPHAGE,BACTERIOPHAGE DE CLAVIBACTER MICHIGANENSIS (SPP MICHIGANENSIS),NO,
CLETHODIM,CL…THODIME (N.M.),NO,99129-21-2
CLODINAFOP-PROPARGYL,CLODINAFOP-PROPARGYL (N.M.),NO,105512-06-9
CLOFENTEZINE,CLOFENT…ZINE (N.F.),NO,74115-24-5
CLOMAZONE,CLOMAZONE (N.F.),YES,81777-89-1
CLONOSTACHYS ROSEA (STRAIN ACM941),CLONOSTACHYS ROSEA (SOUCHE ACM941),NO,
CLONOSTACHYS ROSEA STRAIN 88-710,CLONOSTACHYS ROSEA SOUCHE 88-710,NO,
CLONOSTACHYS ROSEA STRAIN CR-7,CLONOSTACHYS ROSEA SOUCHE CR-7,NO,
CLONOSTACHYS ROSEA STRAIN J1446,CLONOSTACHYS ROSEA SOUCHE J1446,YES,
"CLOPYRALID (PRESENT AS ACID, OR AS SALTS)","CLOPYRALID (N.M.) (PR…SENT SOUS FORME D'ACIDE, OU DES SELS)",NO,1702-17-6
CLOQUINTOCET-MEXYL,CLOQUINTOCET-MEXYL (N.M.),NO,99607-70-2
CLORANSULAM-METHYL,CLORANSULAME-M…THYLE (N.M.),YES,147150-35-4
CLOTHIANIDIN,CLOTHIANIDINE (N.F.),YES,210880-92-5
CLOVE,CLOUS DE GIROFLE,NO,
CLOVE OIL,HUILE DE CLOUS DE GIROFLE (N.F.),NO,8000-34-8
COAL TAR ACIDS,ACIDES DE GOUDRON DE HOUILLE (M),NO,108-95-2
COAL TAR OILS,HUILES DE GOUDRON DE HOUILLE (N.F.),NO,8001-58-9
CODLELURE,CODL…LURE (N.M.),NO,33956-49-9
COLD PRESSED ORANGE OIL,HUILE D'ORANGE PRESS…E ¿ FROID (N.F.),NO,8008-57-9
COLLETOTRICHUM GLOEOSPORIOIDES F.SP. MALVAE,COLLETOTRICHUM GLOEOSPORIOIDES F. SP. MALVAE,NO,
COLORADO POTATO BEETLE LDS001.1 DOUBLE STRANDED RNA,COLORADO POTATO BEETLE LDS001.1 DOUBLE STRANDED RNA,NO,
COLORADO POTATO BEETLE LDS012.1 DOUBLE STRANDED RNA,COLORADO POTATO BEETLE LDS012.1 DOUBLE STRANDED RNA,NO,
CONCENTRATED APPLE JUICE,JUS DE POMME CONCENTR…,NO,
CONIOTHYRIUM MINITANS STRAIN CON/M/91-08,CONIOTHYRIUM MINITANS SOUCHE CON/M/91-08,YES,
COPPER (PRESENT AS BASIC COPPER CARBONATE),"CUIVRE (N.M.), (PR…SENT SOUS FORME DE CARBONATE DE CUIVRE BASIQUE)",NO,12069-69-1
COPPER (PRESENT AS BASIC COPPER SULFATE),CUIVRE (N.M.) (PR…SENT SOUS FORME DE SULFATE DE CUIVRE TRIBASIQUE),NO,1344-73-6
COPPER (PRESENT AS COPPER 8-QUINOLINOLATE),CUIVRE (N.M.) (PR…SENT SOUS FORME DE 8-QUINOLINOLATE CUIVRIQUE),NO,10380-28-6
COPPER (PRESENT AS COPPER 8-QUINOLINOLATE),CUIVRE (PR…SENT SOUS FORME DE QUINOLINOLATE-8 CUIVRIQUE),NO,10380-28-6
COPPER (PRESENT AS COPPER : NICKEL : MANGANESE : IRON ALLOY),CUIVRE (PRESENT SOUS FORME D'ALLIAGE DE CUIVRE:NICKEL:MANGAN»SE:FER),NO,
COPPER (PRESENT AS COPPER HYDROXIDE),CUIVRE (N.M.) PR…SENT SOUS FORME DE HYDROXYDE DE CUIVRE),NO,20427-59-2
COPPER (PRESENT AS COPPER NAPHTHENATE),CUIVRE (N.M.) (PR…SENT SOUS FORME DE NAPHT…NATE DE CUIVRE),NO,1338-02-9
COPPER (PRESENT AS COPPER OCTANOATE),CUIVRE (N.M.) (PR…SENT SOUS FORME D'OCTANOATE DE CUIVRE),NO,20543-04-8
COPPER (PRESENT AS COPPER OXYCHLORIDE),CUIVRE (N.M.) (PR…SENT SOUS FORME DE OXYCHLORURE DE CUIVRE),NO,1332-40-7
COPPER (PRESENT AS COPPER SULFATE PENTAHYDRATE),CUIVRE (N.M.) (PR…SENT SOUS FORME DE SULFATE DE CUIVRE PENTAHYDRAT…),NO,7758-99-8
COPPER (PRESENT AS CUPRIC AMMONIUM FORMATE AND TANNATE COMPLEX),CUIVRE (N.M.) (PR…SENT SOUS FORME D'UN COMPLEXE DE FORMATE ET DE TANNATE D'AMMONIUM CUPRIQUE),NO,
COPPER (PRESENT AS CUPRIC OXIDE),CUIVRE (N.M.) (PR…SENT SOUS FORME D'OXYDE CUIVRIQUE),NO,1317-38-0
COPPER (PRESENT AS CUPROUS OXIDE),CUIVRE (N.M.) (PR…SENT SOUS FORME D'OXYDE CUIVREUX),NO,1317-39-1
"COPPER (PRESENT AS CUPROUS OXIDE, CUPRIC OXIDE AND METALLIC COPPER)","CUIVRE (N.M.) (PR…SENT SOUS FORME D'OXYDE CUIVREUX, D'OXYDE CUIVRIQUE ET DE CUIVRE M…TALLIQUE)",NO,
COPPER (PRESENT AS CUPROUS THIOCYANATE),CUIVRE (N.M.) (PR…SENT SOUS FORME DE THIOCYANATE DE CUIVRE),NO,1111-67-7
COPPER (PRESENT AS MIXED COPPER ETHANOLAMINE COMPLEXES OR AS BIS(2-ANIMOETHANOLATE),CUIVRE (N.M.) (PR…SENT SOUS FORME DE M…LANGE DE COMPLEXES D'…THANOLAMINES DE CUIVRE),NO,14215-52-2
COPPER (PRESENT AS PICRO CUPRIC AMMONIUM FORMATE AND TANNATE COMPLEX),CUIVRE (PR…SENT SOUS FORME D'UN COMPLEXE DE FORMATE ET DE TANNATE D'AMMONIUM PICRO CUPRIQUE),NO,
COPPER (PRESENT AS SILVER COPPER ZEOLITE),CUIVRE (N.M.) (PR…SENT SOUS FORME DE Z…OLITE EN CUIVRE ARGENT…E),NO,130328-19-7
"COPPER AS ELEMENTAL, PRESENT AS COPPER TRIETHANOLAMINE COMPLEX","CUIVRE ELEMENTAIRE, PRESENT SOUS FORME DE COMPLEXE TRIETHANOLAMINE DE CUIVRE",NO,7440-50-8
COPPER PYRITHIONE,COPPER PYRITHIONE,NO,14915-37-8
"COPPER, METALLIC",CUIVRE M…TALLIQUE (N.M.),NO,7440-50-8
CORN GLUTEN MEAL,FARINE DE GLUTEN DE MAœS (N.F.),NO,66071-96-3
CORNMINT OIL,ESSENCE DE MENTHE DES CHAMPS (N.F.),NO,68917-18-0
COUMAPHOS,COUMAPHOS,NO,56-72-4
CPBMESH DSRNA,CPBMESH DSRNA,NO,
CREOSOTE,CR…OSOTE (N.F.),NO,8001-58-9
"CRESYLIC ACID (OR: PHENOLIC HOMOLOGUES; A MIXTURE OF CRESOLS, XYLENOLS, ETHYL PHENOLS AND HIGHER MOLECULAR WEIGHT PHENOLS)","ACIDE CRESYLIQUE (M) (OU: HOMOLOGUES PHENOLIQUES; MELANGE DE CRESOLS, XYLENOLS, ETHYL PHENOLS ET PHENOLS DE POIDS MOLECULAIRES PLUS ELEVES)",NO,
CROTOXYPHOS,CROTOXYPHOS (M),NO,7700-17-6
CRUFOMATE,CRUFOMATE (M),NO,299-86-5
CUPRIC OXIDE,OXYDE CUPRIQUE (N.M.),NO,1317-38-0
CYANAZINE,CYANAZINE (F),NO,21725-46-2
CYANOGEN,CYANOG»NE,NO,460-19-5
CYANTRANILIPROLE,CYANTRANILIPROLE (N.M.),NO,736994-63-1
CYAZOFAMID,CYAZOFAMIDE (N.M.),YES,120116-88-3
CYCLANILIPROLE,CYCLANILIPROLE (N.M.),NO,1031756-98-5
CYCLOATE,CYCLOATE (M),NO,1134-23-2
CYCLOBUTRIFLURAM,CYCLOBUTRIFLURAME (N.M.),NO,1460292-16-3
CYCLOHEXIMIDE,CYCLOHEXIMIDE (M),NO,66-81-9
CYDIA POMONELLA GRANULOVIRUS (STRAIN M),VIRUS DE LA GRANULOSE DE CYDIA POMONELLA  (SOUCHE M),NO,
CYDIA POMONELLA GRANULOVIRUS ISOLATE V-22,CYDIA POMONELLA GRANULOVIRUS ISOLATE V-22,NO,
CYDIA POMONELLA GRANULOVIRUS STRAIN CMGV4,SOUCHE DE GRANULOVIRUS DE CYDIA POMONELLA CMGV4,NO,
CYFLUFENAMID,CYFLUF…NAMIDE,NO,180409-60-3
CYFLUMETOFEN,CYFLUM…TOFEN (N.M.),NO,400882-07-7
CYFLUTHRIN,CYFLUTHRINE (N.F.),NO,68359-37-5
CYMOXANIL,CYMOXANIL (N.M.),NO,57966-95-7
CYPERMETHRIN,CYPERM…THRINE (N.F.),NO,52315-07-8
CYPHENOTHRIN,CYPH…NOTHRINE (N.F.),NO,39515-40-7
CYPRODINIL,CYPRODINIL (N.M.),YES,121552-61-2
CYPROSULFAMIDE,CYPROSULFAMIDE (N.M.),YES,221667-31-8
CYROMAZINE,CYROMAZINE (N.F.),NO,66215-27-8
"D-CIS,TRANS-ALLETHRIN","D-CIS,TRANS-ALL…THRINE",YES,231937-89-6
D-LIMONENE,D-LIMON»NE (N.M.),NO,5989-27-5
D-PHENOTHRIN,D-PH…NOTHRINE (N.F.),NO,
D-TRANS-ALLETHRIN,D-TRANS-ALL…THRINE,NO,584-79-2
DALAPON,DALAPON (M),NO,75-99-0
DAMINOZIDE,DAMINOZIDE (N.M.),YES,1596-84-5
DAZOMET,DAZOMET (N.M.),NO,533-74-4
DBCP,DBCP (N.M.),NO,96-12-8
DDT,DDT (M),NO,50-29-3
DECYL ISONONYL DIMETHYL AMMONIUM CHLORIDE,CHLORURE DE D…CYLISONONYLDIM…THYLAMMONIUM,NO,
DEET PLUS RELATED ACTIVE TOLUAMIDES,DEET PLUS TOLUAMIDES ACTIFS APPARENT…S,YES,134-62-3
DEHYDRATED APPLE POWDER,POUDRE DE POMME D…SHYDRAT…E,NO,
DEHYDROABIETYLAMINE ACETATE,ACETATE DE DESHYDROABIETYLAMINE (M),NO,2026-24-6
DEHYDROABIETYLAMINE ETHYLENE OXIDE,OXYDE D'…THYLENE ET DE DESHYDROABIETYLAMINE (M),NO,51344-62-8
DELTAMETHRIN,DELTAM…THRINE (N.F.),NO,52918-63-5
DEMETON-S,D…M…TON-S (N.M.),NO,126-75-0
DENATONIUM BENZOATE,BENZOATE DE D…NATONIUM (N.M.),NO,3734-33-6
DENATURED ETHANOL,…THANOL D…NATUR… (N.M.),NO,64-17-5
DESMEDIPHAM,DESM…DIPHAME (N.M.),NO,13684-56-5
"DEVICE (SWIMMING POOL ALGAECIDE, COPPER GENERATING) NO GUARANTEE REQUIRED","DEVICE (SWIMMING POOL ALGAECIDE, COPPER GENERATING) NO GUARANTEE REQUIRED",NO,
"DEVICE (SWIMMING POOL ALGAECIDE, PEROXIDE) NO GUARANTEE REQUIRED","DEVICE (SWIMMING POOL ALGAECIDE, PEROXIDE) NO GUARANTEE REQUIRED",NO,
"DEVICE (SWIMMING POOL ALGAECIDE, SALT IN DEVICE) NO GUARANTEE  REQUIRED","DEVICE (SWIMMING POOL ALGAECIDE, SALT IN DEVICE) NO GUARANTEE  REQUIRED",NO,
"DEVICE (SWIMMING POOL ALGAECIDE, SALT IN POOL) NO GUARANTEE    REQUIRED","DEVICE (SWIMMING POOL ALGAECIDE, SALT IN POOL) NO GUARANTEE    REQUIRED",NO,
"DEVICE (SWIMMING POOL ALGAECIDE, ULTRA VIOLET) NO GUARANTEE REQUIRED","DEVICE (SWIMMING POOL ALGAECIDE, ULTRA VIOLET) NO GUARANTEE REQUIRED",NO,
"DEVICE (SWIMMING POOL ALGAECIDE, ZINC) NO GUARANTEE REQUIRED","DEVICE (SWIMMING POOL ALGAECIDE, ZINC) NO GUARANTEE REQUIRED",NO,
"DEVICE (SWIMMING POOL ALGAECIDE,BACTERIACIDE) NO GUARANTEE     REQUIRED - (OR: MOLLUSCICIDE - SEE REMARKS)","APPAREIL (ALGICIDE POUR PISCINES, BACTERICIDE POUR PISCINES) GARANTIE NON-REQUISE",NO,
"DEVICE, NO GUARANTEE REQUIRED","APPAREIL, GARANTIE NON-REQUISE",NO,
DI(PHENYLMERCURIC)DODECENYL SUCCINATE,SUCCINATE DE D-(PHENYLMERCURIQUE)DODECENYLE (M),NO,27236-65-3
DI-N-BUTYL SUCCINATE,SUCCINATE DE DI-N-BUTYLE (M),NO,141-03-7
DI-N-PROPYL ISOCINCHOMERONATE,ISOCINCHOM…RONATE DE DI-N-PROPYLE (N.M.),NO,3737-22-2
"DIALKYL (8% C8, 9% C10, 47% C12, 18% C14, 8% C16, 10% C18) DIMETHYL AMMONIUM CHLORIDE","CHLORURE DIALKYL (8% C8, 9% C10, 47% C12, 18% C14, 8% C16, 10% C18) DIMETHYL AMMONIUM (M)",NO,
DIALLYL DISULFIDE AND RELATED SULFIDES,DIALLYL DISULFIDE ET LES DERIVES SULFIDES,NO,2179-57-9
DIAMMONIUM PHOSPHATE,PHOSPHATE DIAMMONIQUE (N.M.),NO,7783-28-0
DIAZINON,DIAZINON,NO,333-41-5
DICAMBA (PRESENT AS ACID),DICAMBA (PR…SENT SOUS FORME D'ACIDE),YES,1918-00-9
"DICAMBA (PRESENT AS ACID, ESTER, SALTS)","DICAMBA (PR…SENT SOUS FORM D'ACIDE, D'ESTER, DES SELS)",YES,1918-00-9
DICAMBA (PRESENT AS DIETHANOLAMINE SALT),DICAMBA (PR…SENT SOUS FORME DE SEL DE DI…THANOLAMINE),YES,25059-78-3
DICAMBA (PRESENT AS DIGLYCOLAMINE SALT),DICAMBA (PR…SENT SOUS FORME DE SEL DE DIGLYCOLAMINE),YES,104040-79-1
DICAMBA (PRESENT AS DIMETHYLAMINE SALT),DICAMBA (PR…SENT SOUS FORME DE SEL DE DIM…THYLAMINE),YES,2300-66-5
DICAMBA (PRESENT AS ISOPROPYLAMINE SALT),"DICAMBA (PR…SENT SOUS FORME DE
SEL D'ISOPROPYLAMINE)",YES,55871-02-8
DICAMBA (PRESENT AS MONOETHANOLAMINE SALT),DICAMBA (N.M.) (PR…SENT SOUS FORME DE SEL D'…THANOLAMINE),YES,53404-28-7
"DICAMBA (PRESENT AS N,N-BIS(3-AMINOPROPYL)METHYLAMINE SALT)","DICAMBA (N.M.) (PR…SENT SOUS FORME DE SEL DE N,N-BIS(3-AMINOPROPYL)M…THYLAMINE)",YES,1286239-22-2
"DICAMBA (PRESENT AS N-(2-AMINOETHYL)-1,2-ETHANEDIAMINE SALT)","DICAMBA (PR…SENT SOUS FORME DE SEL DE N-(2-AMINO…THYL)…THANE-1,2-DIAMINE)",YES,
DICAMBA (PRESENT AS POTASSIUM SALT),DICAMBA (PR…SENT SOUS FORME DE SEL DE POTASSIUM),YES,10007-85-9
DICAMBA (PRESENT AS SODIUM SALT),DICAMBA (PR…SENT SOUS FORME DE SEL DE SODIUM),YES,1982-69-0
DICHLOBENIL,DICHLOB…NIL (N.M.),YES,1194-65-6
DICHLOFLUANID,DICHLOFLUANIDE (F),NO,1085-98-9
DICHLONE,DICHLONE (M),NO,117-80-6
DICHLORFLURECOL-METHYL,DICHLORFLURECOL-M…THYLE (M),NO,21634-96-8
DICHLOROPHEN,DICHLOROPHENE (M),NO,97-23-4
DICHLORPROP,DICHLORPROP,NO,120-36-5
"DICHLORPROP (PRESENT AS BUTOXYETHYL ESTER, AS ISOOCTYL ESTER, OR AS ETHYLHEXYL ESTER)","DICHLORPROP, PRESENT SOUS FORME D'ESTER DE BUTOXYETHYLE OU D'ESTERS D'ISOOCTYLE",NO,
DICHLORPROP (PRESENT AS DIMETHYLAMINE SALT),DICHLORPROP  (PR…SENT SOUS FORME DE SEL DE DIM…THYLAMINE),NO,53404-23-3
DICHLORPROP-P,DICHLORPROP-P (N.M.),NO,15165-67-0
DICHLORPROP-P (PRESENT AS 2-ETHYLHEXYL ESTER),DICHLORPROP-P (N.M.) (PR…SENT SOUS FORME D'ESTER DE 2-…THYLH…XYL),NO,865363-39-9
DICHLORPROP-P (PRESENT AS DIMETHYLAMINE SALT),DICHLORPROP-P (N.M.) (PR…SENT SOUS FORME DE SEL DE DIM…THYLAMINE),NO,104786-87-0
DICHLORVOS PLUS RELATED ACTIVE COMPOUNDS,DICHLORVOS (N.M.) ET D…RIV…S ACTIFS,YES,62-73-7
DICLOFOP-METHYL,DICLOFOP-METHYL,NO,51338-27-3
DICLORAN,DICLORAN,NO,99-30-9
DICOFOL,DICOFOL,NO,115-32-2
DIDECYLDIMETHYLAMMONIUM CHLORIDE,CHLORURE DE DID…CYLDIM…THYLAMMONIUM,YES,7173-51-5
DIDECYLDIMETHYLAMMONIUM PRESENT AS CARBONATE AND BICARBONATE SALTS,DID…CYLDIM…THYLAMMONIUM PR…SENT SOUS FORME DE SELS DE CARBONATE ET D'HYDROG…NOCARBONATE,YES,
DIENOCHLOR,DIENOCHLORE (M),NO,2227-17-0
DIETHOFENCARB,DI…THOFENCARBE (N.M.),NO,87130-20-9
DIFENOCONAZOLE,DIF…NOCONAZOLE (N.M.),YES,119446-68-3
DIFENZOQUAT (PRESENT AS METHYL SULPHATE SALT),"DIFENZOQUAT (M), (PRESENT SOUS FORME DE SULPHATE DE METHYLE)",NO,43222-48-6
DIFETHIALONE,DIF…THIALONE (N.F.),YES,104653-34-1
DIFLUBENZURON,DIFLUBENZURON (N.M.),YES,35367-38-5
DIFLUFENICAN,DIFLUF…NICAN,NO,83164-33-4
DIFLUFENZOPYR,DIFLUFENZOPYR,NO,109293-97-2
DIFLUFENZOPYR (PRESENT AS SODIUM SALT),DIFLUFENZOPYR (N.M.) (PR…SENT SOUS FORME DE SEL DE SODIUM),NO,109293-98-3
DIISOBUTYLPHENOXYETHOXYETHYL DIMETHYL BENZYL AMMONIUM CHLORIDE (PRESENT AS MONOHYDRATE),CHLORURE DIISOBUTYLPH…NOXY…THOXY…THYL DIM…THYLE BENZYL AMMONIUM (PR…SENT SOUS FORME DE MONOHYDRATE),YES,121-54-0
DIMETHENAMID,DIMETHENAMIDE,NO,87674-68-8
DIMETHENAMID-P,DIM…TH…NAMIDE-P (N.M.),YES,163515-14-8
DIMETHOATE,DIM…THOATE (N.M.),YES,60-51-5
DIMETHOMORPH,DIM…THOMORPHE (N.M.),YES,110488-70-5
DIMETHOXANE,DIMETHOXANE,NO,828-00-2
DIMETHYL ALKYL AMINE,DIMETHYL ALKYL AMINE (M),NO,
DIMETHYL PHTHALATE,PHTALATE DE DIMETHYLE (M),NO,131-11-3
DIMETHYLOXAZOLIDINE,DIM…THYLOXAZOLIDINE,NO,51200-87-4
DINITROPHENOL,DINITROPHENOL (M),NO,51-28-5
DINOCAP (PLUS RELATED ACTIVE COMPOUNDS),DINOCAP ET DERIVES ACTIFS,NO,6119-92-2
DINOSEB PRESENT IN FREE FORM,"DINOSEBE (M), PRESENT SOUS FORME DE DINOSEBE",NO,88-85-7
DINOTEFURAN,DINOT…FURANE (N.M.),NO,165252-70-0
DIOCTYL SODIUM SUCCINATE OR DOCUSATE SODIUM,DOCUSATE DE SODIUM,NO,577-11-7
DIOCTYLDIMETHYLAMMONIUM CHLORIDE,CHLORURE DIOCTYL DIM…THYL AMMONIUM (N.M.),YES,5538-94-3
DIODOFON,DIODOFON,NO,20018-09-1
DIPHACINONE (PRESENT IN FREE FORM OR AS SODIUM SALT),"DIPHACINONE, PRESENT SOUS FORME DE DIPHACINONE OU DE SEL DE SODIUM",YES,82-66-6
DIPHENYLAMINE,DIPH…NYLAMINE (N.F.),YES,122-39-4
DIPHENYLSTIBINE 2-ETHYLHEXOATE,ETHYL-2 HEXOATE DE DIPHENYLSTIBINE (M),NO,5035-58-5
DIPROPYLENE GLYCOL,DIPROPYLENE GLYCOL (M),NO,110-98-5
DIQUAT (PRESENT AS DIBROMIDE),DIQUAT (N.M.) (PR…SENT SOUS FORME DE SEL DE DIBROMURE),NO,85-00-7
DISODIUM CYANODITHIOIMIDOCARBONATE,CYANODITHIOIMIDOCARBONATE DISODIQUE,NO,138-93-2
DISODIUM OCTABORATE ANHYDROUS,"OCTABORATE DE DISODIUM, ANHYDRE (N.M.)",NO,12008-41-2
DISODIUM OCTABORATE TETRAHYDRATE,OCTABORATE DISODIQUE T…TRAHYDRAT… (N.M.),NO,12280-03-4
DISPARLURE,DISPARLURE,NO,29804-22-6
"DISTEARYL (15% C16, 85% C18) DIMETHYL AMMONIUM CHLORIDE","CHLORURE DISTEARYL (15% C16, 85% C18) DIMETHYL AMMONIUM (M)",NO,107-64-2
DISULFOTON,DISULFOTON (M),NO,298-04-4
DITHIANON,DITHIANON,NO,3347-22-6
DITHIOPYR,DITHIOPYR (N.M.),YES,97886-45-8
DIURON,DIURON (N.M.),YES,330-54-1
DNOC PRESENT AS SODIUM SALT,"DNOC (M), PRESENT SOUS FORME DE SEL DE SODIUM",NO,534-52-1
DODECYLGUANIDINE HYDROCHLORIDE,HYDROCHLORURE DE DOD…CYLGUANIDINE (N.M.),NO,13590-97-1
DODEMORPH-ACETATE,DODEMORPHE-ACETATE,NO,31717-87-0
DODINE,DODINE (N.F.),YES,2439-10-3
DRIED BLOOD,SANG S…CH… (N.M.),NO,
DRIED EGGS,OEUFS S…CH…S (N.M.),NO,
E-8-DODECEN-1-YL ACETATE OR E-8-DODECENYL ACETATE,AC…TATE DE (8E)-DOD…C-8-…N-1-YLE (N.M.),NO,38363-29-0
E-FUSCOL,E-FUSCOL,NO,7733-91-7
EG84-DSRNA-GLB,EG84-DSRNA-GLB,NO,
EMAMECTIN BENZOATE,EMAMECTINE BENZOATE (N.F.),NO,155569-91-8
ENDOSULFAN,ENDOSULFAN,NO,115-29-7
ENDOTHAL,ENDOTHAL (N.M.),YES,145-73-3
ENDOTHAL (PRESENT AS DIPOTASSIUM SALT),ENDOTHAL (PR…SENT SOUS FORM DE SEL DE DIPOTASSIUM),NO,2164-07-0
"ENDOTHAL (PRESENT AS N,N-DIMETHYLALKYLAMINE SALT)","ENDOTHAL (N.M.) (PR…SENT SOUS FORME DE SEL DE N,N-DIM…THYLE ALKYLAMINE)",YES,66330-88-9
ENDRIN,ENDRINE (F),NO,72-20-8
ENTEROBACTER SP. STRAIN SST3 WALAA,ENTEROBACTER SP. SOUCHE SST3 WALAA,NO,
EPTC,EPTC (N.M.),YES,759-94-4
EPYRIFENACIL,…PYRIF…NACIL (N.M.),NO,353292-31-6
ERGOCALCIFEROL,ERGOCALCIFEROL (M),NO,50-14-6
ES169-DSRNA-GLB,ES169-DSRNA-GLB,NO,
ES170-DSRNA-GLB,ES170-DSRNA-GLB,NO,
ES171-DSRNA-GLB,ES171-DSRNA-GLB,NO,
ES172-DSRNA-GLB,ES172-DSRNA-GLB,NO,
ES173-DSRNA-GLB,ES173-DSRNA-GLB,NO,
ES187-DSRNA-GLB,ES187-DSRNA-GLB,NO,
ES188-DSRNA-GLB,ES188-DSRNA-GLB,NO,
ES75-DSRNA-GLB,ES75-DSRNA-GLB,NO,
ES76-DSRNA-GLB,ES76DSRNA-GLB,NO,
ES77-DSRNA-GLB,ES77-DSRNA-GLB,NO,
ES79.015 DSRNA,ES79.015 ARNDB,NO,
ETHABOXAM,…THABOXAME (N.M.),NO,162650-77-3
ETHALFLURALIN,…THALFLURALINE (N.F.),YES,55283-68-6
ETHAMETSULFURON-METHYL,…THAM…TSULFURON-M…THYL (N.M.),YES,97780-06-8
ETHANOL (70% DENATURED),ETHANOL (70% DENATURED),NO,
ETHEPHON,…TH…PHON,NO,16672-87-0
ETHION,ETHION (M),NO,563-12-2
ETHIPROLE,…THIPROLE,NO,181587-01-9
ETHOFUMESATE,…THOFUMESATE (N.M.),YES,26225-79-6
ETHOPROPHOS,…THOPROPHOS (M),NO,13194-48-4
ETHOXYQUIN,ETHOXYQUIN (F),NO,91-53-2
ETHYLENE,…THYL»NE (N.M.),NO,74-85-1
ETHYLENE OXIDE,OXYDE D'…THYL»NE (N.M.),NO,75-21-8
ETHYLHEXANEDIOL,HEXANEDIOL D'ETHYLE (M),NO,94-96-2
ETOFENPROX,…TOFENPROX (N.M.),NO,80844-07-1
ETOXAZOLE,…TOXAZOLE (N.M.),NO,153233-91-1
ETRIDIAZOLE,…TRIDIAZOLE (N.M.),YES,2593-15-9
EUCALYPTUS CITRIODORA OIL (LEMON EUCALYPTUS OIL),EUCALYPTUS CITRIODORA OIL (LEMON EUCALYPTUS OIL),NO,
EUCALYPTUS OIL,HUILE D'EUCALYPTUS (N.F.),NO,8000-48-4
EUGENOL,EUG…NOL (N.M.),NO,97-53-0
EXC7963 FERMENTATION SOLIDS CONTAINING DOUBLE STRANDED RNA PSS004.1,EXC7963 FERMENTATION SOLIDS CONTAINING DOUBLE STRANDED RNA PSS004.1,NO,
EXC7964 FERMENTATION SOLIDS CONTAINING DOUBLE STRANDED RNA PSS012.1,EXC7964 FERMENTATION SOLIDS CONTAINING DOUBLE STRANDED RNA PSS012.1,NO,
EXTRACT OF CHENOPODIUM AMBROSIOIDES NEAR AMBROSIOIDES,EXTRACT OF CHENOPODIUM AMBROSIOIDES NEAR AMBROSIOIDES,NO,89997-47-7
EXTRACT OF REYNOUTRIA SACHALINENSIS,EXTRAIT DE REYNOUTRIA SACHALINENSIS (N.M.),NO,
EXTRACT OF SWINGLEA GLUTINOSA,EXTRAIT DE SWINGLEA GLUTINOSA,NO,
FAMOXADONE,FAMOXADONE (N.F.),YES,131807-57-3
FATTY ACIDS,ACIDES GRAS (N.M.),NO,
FENAMIDONE,F…NAMIDONE (N.F.),YES,161326-34-7
FENAZAQUIN,F…NAZAQUINE (N.F.),NO,120928-09-8
FENBUCONAZOLE,FENBUCONAZOLE (N.M.),NO,114369-43-6
FENBUTATIN OXIDE,FENBUTATIN-OXYDE (N.M.),YES,13356-08-6
FENHEXAMID,FENHEXAMIDE (N.M.),NO,126833-17-8
FENITROTHION,FENITROTHION (M),NO,122-14-5
"FENOPROP PRESENT AS ACID, AS SALTS (TRIETHANOLAMINE, SODIUM), OR AS ESTERS (BUTOXYETHYL, ISO-OCTYL, PROYLENE GYLCOL BUTYL ETHER)","FENOPROP (M), PR…SENT SOUS FORME D'ACIDE, DES SELS (TRIETHANOLAMINE, SODIUM), OU D'ESTERS (BUTOXYETHYLE, ISOOCTYLE, BUTOXYPROPYLE)",NO,93-72-1
FENOXAPROP-ETHYL,FENOXAPROP,NO,66441-23-4
FENOXAPROP-P-ETHYL,F…NOXAPROP-P-…THYLE (N.M.),NO,71283-80-2
FENPICOXAMID,FENPICOXAMIDE,NO,
FENPROPATHRIN,FENPROPATHRINE (N.F.),NO,39515-41-8
FENPROPIDIN,FENPROPIDINE,NO,67306-00-7
FENPROPIMORPH,FENPROPIMORPHE (N.M.),NO,67564-91-4
FENPYRAZAMINE,FENPYRAZAMINE,NO,473798-59-3
FENPYROXIMATE,FENPYROXIMATE (N.M.),NO,134098-61-6
FENSULFOTHION,FENSULFOTHION (M),NO,115-90-2
FENTHION,FENTHION,NO,55-38-9
FENVALERATE,FENVALERATE (M),NO,51630-58-1
FERBAM,FERBAME,NO,14484-64-1
FERRIC PHOSPHATE,PHOSPHATE FERRIQUE,NO,10045-86-0
FIR NEEDLE OIL,L'ESSENCE D'…PINES DE SAPIN (N.F.),NO,8021-28-1
FISH MEAL MIXTURE,M…LANGE DE FARINE DE POISSON (N.M.),NO,
FISH OIL MIXTURE,M…LANGE D'HUILE DE POISSON (N.M.),NO,
FLAMPROP-M-METHYL,FLAMPROP-M-METHYL,NO,57973-66-7
FLAMPROP-METHYL,FLAMPROP-METHYL (M),NO,52756-25-9
FLAZASULFURON,FLAZASULFURON (N.M.),NO,104040-78-0
FLG22-BT PEPTIDE,FLG22-BT PEPTIDE,NO,
FLONICAMID,FLONICAMIDE (N.M.),NO,158062-67-0
FLORASULAM,FLORASULAME (N.M.),NO,145701-23-1
FLORPYRAUXIFEN (PRESENT AS BENZYL ESTER),FLORPYRAUXIF»NE (N.M.) (PR…SENT SOUS FORME D'ESTER BENZYLIQUE),NO,1390661-72-9
FLORYLPICOXAMID,FLORYLPICOXAMIDE (N.M.),NO,1961312-55-9
FLUAZAINDOLIZINE,FLUAZAINDOLIZINE (N.F.),NO,1254304-22-7
FLUAZIFOP-BUTYL,FLUAZIFOP-BUTYL (M),NO,69806-50-4
FLUAZIFOP-P-BUTYL,FLUAZIFOP-P-BUTYLE,NO,79241-46-6
FLUAZIFOP-P-BUTYL AND S-ISOMER,FLUAZIFOP-P-BUTYL ET S-ISOMER (N.M.),NO,79241-46-6
FLUAZINAM,FLUAZINAME (N.M.),YES,79622-59-6
FLUBENDIAMIDE,FLUBENDIAMIDE,NO,272451-65-7
FLUCARBAZONE (PRESENT AS FLUCARBAZONE-SODIUM),FLUCARBAZONE (N.F.) (PR…SENT SOUS FORME DE FLUCARBAZONE-SODIUM),NO,181274-17-9
FLUCYTHRINATE,FLUCYTHRINATE (M),NO,70124-77-5
FLUDIOXONIL,FLUDIOXONIL (N.M.),NO,131341-86-1
FLUENSULFONE,FLUENSULFONE (N.F.),NO,318290-98-1
FLUFENACET,FLUF…NACET (N.M.),NO,142459-58-3
"FLUFENOXURON
","FLUFENOXURON
",NO,101463-69-8
FLUMETHRIN,FLUM…THRINE (N.F.),NO,69770-45-2
FLUMETSULAM,FLUM…TSULAME (N.M.),NO,98967-40-9
FLUMIOXAZIN,FLUMIOXAZINE (N.F.),YES,103361-09-7
FLUOPICOLIDE,FLUOPICOLIDE (N.M.),NO,239110-15-7
FLUOPYRAM,FLUOPYRAM (N.M.),NO,658066-35-4
FLUOXAPIPROLIN,FLUOXAPIPROLINE,NO,
FLUOXASTROBIN,FLUOXASTROBINE (N.F.),NO,361377-29-9
FLUPYRADIFURONE,FLUPYRADIFURONE (N.F.),NO,951659-40-8
FLURECOL-METHYL,FLURECOL-METHYL (M),NO,
FLUROXYPYR (PRESENT AS 1-METHYLHEPTYL ESTER),FLUROXYPYR (N.M.) (PR…SENT SOUS FORME D'ESTER DE 1-M…THYLHEPTYLE),NO,81406-37-3
FLUSILAZOLE,FLUSILAZOLE,NO,85509-19-9
FLUTIANIL,FLUTIANILE (N.M.),NO,958647-10-4
FLUTOLANIL,FLUTOLANIL,NO,66332-96-5
FLUTRIAFOL,FLUTRIAFOL,YES,76674-21-0
FLUVALINATE-TAU,TAU-FLUVALINATE (N.M.),YES,102851-06-9
FLUXAPYROXAD,FLUXAPYROXADE (N.M.),NO,907204-31-3
FOLPET,FOLPET (N.M.),NO,133-07-3
FOMESAFEN,FOM…SAF»NE (N.M.),NO,72178-02-0
FONOFOS,FONOFOS (M),NO,944-22-9
FORAMSULFURON,FORAMSULFURON (N.M.),NO,173159-57-4
FORMALDEHYDE,FORMALD…HYDE (N.M.),NO,50-00-0
FORMETANATE HYDROCHLORIDE,CHLORHYDRATE DE FORM…TANATE (N.M.),YES,23422-53-9
FORMIC ACID,ACIDE FORMIQUE (N.M.),NO,64-18-6
FOSAMINE AMMONIUM,FOSAMINE D'AMMONIUM,NO,25954-13-6
FOSETYL-ALUMINUM,FOS…TYL-ALUMINUM,NO,39148-24-8
FURFURYL PROPIONATE,FURFURYL PROPIONATE,NO,623-19-8
GAMMA-BHC FROM LINDANE,GAMMA-BHC DE LINDANE (M),NO,58-89-9
GAMMA-CYHALOTHRIN,GAMMA-CYHALOTHRINE,NO,76703-62-3
GARLIC,AIL,NO,8000-78-0
GARLIC JUICE,JUS D'AIL (N.M.),NO,
GARLIC OIL,HUILE D'AIL (N.F.),NO,8000-78-0
GARLIC POWDER,POUDRE D'AIL (N.F.),NO,
GERANIOL,GERANIOL,NO,106-24-1
GERANIUM OIL,HUILE DE G…RANIUM (N.F.),NO,8000-46-2
GERMAN COCKROACH EXTRACT,EXTRAIT DE BLATTE GERMANIQUE (N.M.),NO,
GFP-DSRNA,GFP-DSRNA,NO,
GIBBERELLIC ACID,ACIDE GIBB…RELLIQUE (N.M.),YES,77-06-5
GIBBERELLINS A4 AND A7,GIBB…RELLINES A4 ET A7 (N.F.),YES,8030-53-3
GLUFOSINATE-AMMONIUM,GLUFOSINATE-AMMONIUM (N.M.),YES,77182-82-2
GLUFOSINATE-P-AMMONIUM,GLUFOSINATE-P-AMMONIUM,NO,73777-50-1
GLUTARALDEHYDE,GLUTARALD…HYDE (N.M.),YES,111-30-8
GLYCOLIC ACID,ACIDE GLYCOLIQUE (M),NO,79-14-1
GLYODIN,GLYODIN (M),NO,556-22-9
GLYPHOSATE,GLYPHOSATE (N.M.),NO,1071-83-6
GLYPHOSATE (PRESENT AS DIMETHYLAMINE SALT),"GLYPHOSATE (N.M.) (PR…SENT SOUS FORME DE
SEL DE DIM…THYLAMINE)",NO,34494-04-7
GLYPHOSATE (PRESENT AS ISOPROPYLAMINE AND POTASSIUM SALT),"GLYPHOSATE (N.M.) (PR…SENT SOUS FORME DE
SEL D'ISOPROPYLAMINE ET DE SEL POTASSIUM)",NO,
GLYPHOSATE (PRESENT AS ISOPROPYLAMINE SALT OR ETHANOLAMINE SALT),"GLYPHOSATE (N.M.) (PR…SENT SOUS FORME DE
SEL D'ISOPROPYLAMINE OU DE SEL D'ETHANOLAMINE)",NO,
GLYPHOSATE (PRESENT AS MONO-AMMONIUM SALT OR DIAMMONIUM SALT),"GLYPHOSATE (N.M.) (PR…SENT SOUS FORME DE
SEL MONO-AMMONIUM OU DE SEL DIAMMONIUM)",NO,
GLYPHOSATE (PRESENT AS POTASSIUM SALT),"GLYPHOSATE (N.M.) (PR…SENT SOUS FORME DE
SEL DE POTASSIUM)",NO,39600-42-5
GLYPHOSATE (PRESENT AS TRIMETHYLSULFONIUM SALT),GLYPHOSATE (N.M.) (PR…SENT SOUS FORME DE SEL DE TRIM…THYLSULFONIUM),NO,81591-81-3
GS-OMEGA/KAPPA-HXTX-HV1A,GS-OMEGA/KAPPA-HXTX-HV1A,NO,1219988-33-6
GS2 DOUBLE STRANDED RNA,ARN DOUBLE BRIN GS2,NO,
GS5823.005-DSRNA-GLB,GS5823.005-DSRNA-GLB,NO,
GS5995.002-DSRNA-GLB,GS5995.002-DSRNA-GLB,NO,
HALAUXIFEN (PRESENT AS METHYL ESTER),HALAUXIF»NE (N.M.) (PR…SENT SOUS FORME D'ESTER M…THYLIQUE),NO,943831-98-9
HALOSULFURON (PRESENT AS METHYL ESTER),HALOSULFURON (N.M.) (PR…SENT SOUS FORME D'ESTER DE M…THYL),NO,100784-20-1
HEAT-KILLED BURKHOLDERIA RINOJENSIS STRAIN A396 CELLS AND SPENT FERMENTATION MEDIA,CELLULES DE SOUCHE A396 DE BURKHOLDERIA RINOJENSIS TU…ES PAR LA CHALEUR ET MILIEU DE FERMENTATION …PUIS…,NO,
HELICOVERPA ARMIGERA NUCLEOPOLYHEDROVIRUS BV-0003,HELICOVERPA ARMIGERA NUCLEOPOLYHEDROVIRUS BV-0003,NO,
HEPTACHLOR,HEPTACHLORE (M),NO,76-44-8
HEPTYL BUTYRATE,BUTYRATE D'HEPTYLE,NO,5870-93-9
"HERBAL MIXTURE (GRAPEFRUIT EXTRACT, CAYANNE EXTRACT, THYME EXTRACT, ALOE VERA EXTRACT, HYSSOPUS EXTRACT, GINSENG EXTRACT","HERBAL MIXTURE (GRAPEFRUIT EXTRACT, CAYANNE EXTRACT, THYME EXTRACT, ALOE VERA EXTRACT, HYSSOPUS EXTRACT, GINSENG EXTRACT",NO,
HEXACONAZOLE,HEXACONAZOLE (N.M.),NO,79983-71-4
"HEXAHYDRO-1,3,5-TRIETHYL-S-TRIAZINE","HEXAHYDRO TRIETHYL-1,3,5 S-TRIAZINE",NO,7779-27-3
"HEXAHYDRO-1,3,5-TRIS(2-HYDROXYETHYL)-S-TRIAZINE","HEXAHYDRO-1,3,5-TRIS(HYDROXY…THYLE)-S-TRIAZINE",NO,4719-04-4
HEXANAL,HEXANAL,NO,
HEXAZINONE,HEXAZINONE (N.M.),YES,51235-04-2
HEXYTHIAZOX,HEXYTHIAZOX,NO,78587-05-0
HOP BETA ACIDS (PRESENT AS POTASSIUM SALTS),ACIDES B TA DU HOUBLON (PR…SENT SOUS FORME DE SELS DE POTASSIUM),NO,
HYDRAMETHYLNON,HYDRAM…THYLNONE (N.F.),NO,67485-29-4
HYDROCHLORIC ACID,ACIDE CHLORHYDRIQUE (M),NO,7647-01-0
HYDROGEN CYANAMIDE,CYANAMIDE D'HYDROGENE (M),NO,420-04-2
HYDROGEN CYANIDE,HYDROGEN CYANIDE,NO,74-90-8
HYDROGEN PEROXIDE,PEROXYDE D'HYDROG»NE (N.M.),NO,7722-84-1
HYDROGENATED CATMINT OIL,HUILE D'HERBE ¿ CHAT HYDROGEN…E (N.F.),NO,952722-18-8
HYDROXYL RADICALS,RADICAL HYDROXYLE,NO,
"HYDROXYMETHYL-5,5-DIMETHYLHYDANTOIN","HYDROXYM…THYL-5,5-DIM…THYLHYDANTOIN",NO,27636-82-4
IBA,AIB (N.M.),NO,133-32-4
ICAFOLIN-METHYL,ICAFOLIN-M…THYLE (N.M.),NO,2749998-21-6
ICARIDIN,ICARIDINE,NO,119515-38-7
IMAZAMETHABENZ-METHYL,IMAZAM…THABENZ-M…THYL (N.M.),NO,81405-85-8
IMAZAMOX,IMAZAMOX (N.M.),NO,114311-32-9
IMAZAMOX (PRESENT AS AMMONIUM SALT),IMAZAMOX (N.M.) (PR…SENT SOUS FORME DE SEL D'AMMONIUM),NO,247057-22-3
IMAZAPIC,IMAZAPIC,NO,104098-48-8
IMAZAPYR,IMAZAPYR (N.M.),YES,81334-34-1
IMAZAPYR (PRESENT AS AMMONIUM SALT),IMAZAPYR (N.M.) (PR…SENT SOUS FORME DE SEL D'AMMONIUM),NO,81334-36-3
IMAZAPYR (PRESENT AS ISOPROPYLAMINE SALT),IMAZAPYR (N.M.) (PR…SENT SOUS FORM DE SEL D'ISOPROPYLAMINE),NO,81510-83-0
IMAZETHAPYR,IMAZ…THAPYR (N.M.),NO,81335-77-5
IMAZETHAPYR (PRESENT AS AMMONIUM SALT),IMAZ…THAPYR (N.M.) (PR…SENT SOUS FORME DE SEL D'AMMONIUM),NO,101917-66-2
IMAZETHAPYR (PRESENT AS POTASSIUM SALT),IMAZ…THAPYR (N.M.) (PR…SENT SOUS FORME DE SEL DE POTASSIUM),NO,
IMIDACLOPRID,IMIDACLOPRIDE (N.M.),NO,138261-41-3
IMIPROTHRIN,IMIPROTHRINE (N.F.),NO,72963-72-5
INDAZIFLAM,INDAZIFLAME (N.M.),NO,950782-86-2
INDOLE,INDOLE,NO,120-72-9
INDOLE-3-BUTYRIC ACID (PRESENT AS POTASSIUM SALT),ACIDE INDOLE-3-BUTYRIQUE (PR…SENT SOUS FORME DE SEL DE POTASSIUM),NO,60096-23-3
INDOXACARB TECHNICAL,INDOXACARB TECHNICAL,NO,173584-44-6
INPYRFLUXAM,INPYRFLUXAME (N.M.),NO,1352994-67-2
IODINE,IODINE,NO,7553-56-2
IODOFENPHOS,IODOFENPHOS (M),NO,18181-70-9
"IODOSULFURON-METHYL-SODIUM
",IODOSULFURON-M…THYLE-SODIUM (N.M.),YES,144550-36-7
IPCONAZOLE,IPCONAZOLE (N.M.),YES,125225-28-7
IPFLUFENOQUIN,IPFLUF…NOQUINE (N.F.),NO,1314008-27-9
IPRODIONE,IPRODIONE (N.M.),NO,36734-19-7
IRON (PRESENT AS FEHEDTA),FER (N.M.) (PR…SENT SOUS LA FORME DE FEHEDTA),NO,17084-02-5
IRON (PRESENT AS FERRIC PHOSPHATE),FER (N.M.) (PR…SENT SOUS FORME DE PHOSPHATE FERRIQUE),NO,10045-86-0
IRON (PRESENT AS FERRIC SODIUM EDTA TRIHYDRATE),FER (N.M.) (PR…SENT SOUS FORME DE TRIHYDRATE DE SODIUM FERRIQUE EDTA),YES,15708-41-5
IRON (PRESENT AS FERROUS SULFATE HEPTAHYDRATE),FER (N.M.) (PR…SENT SOUS FORME DE SULFATE FERREUX HEPTAHYDRATE),NO,7782-63-0
IRON (PRESENT AS FERROUS SULFATE MONOHYDRATE),FER (N.M.) (PR…SENT SOUS FORME DE SULFATE FERREUX MONOHYDRATE),NO,17375-41-6
ISOBORNYL THIOCYANOACETATE PLUS RELATED ACTIVE TERPENES,THIOCYANOACETATE D'ISOBORNYL ET DERIVES TERPENES ACTIFS (M),NO,115-31-1
ISOCYCLOSERAM,ISOCYCLOS…RAM (N.M.),NO,2061933-85-3
ISOFETAMID,ISOF…TAMIDE (N.M.),NO,875915-78-9
ISOPROPYL ALCOHOL,ALCOOL ISOPROPYLIQUE (N.M.),NO,67-63-0
ISOPROTHIOLANE,ISOPROTHIOLANE (N.M.),NO,50512-35-1
ISOPYRAZAM,ISOPYRAZAM,NO,881685-58-1
ISOXABEN,ISOXAB»NE (N.M.),NO,82558-50-7
ISOXADIFEN-ETHYL,ISOXADIF»NE-…THYLE (N.F.),NO,163520-33-0
ISOXAFLUTOLE,ISOXAFLUTOLE (N.M.),NO,141112-29-0
KAOLIN,KAOLIN (N.M.),NO,1332-58-7
KASUGAMYCIN (PRESENT AS HYDROCHLORIDE HYDRATE),KASUGAMYCINE (N.F.) (PR…SENTE SOUS FORME D'HYDRATE D'HYDROCHLORURE),NO,200132-83-8
KRESOXIM-METHYL,KR…SOXIME-M…THYLE (N.M.),NO,143390-89-0
L-(+)-LACTIC ACID,L-(+)-LACTIC ACID,NO,79-33-4
L-MENTHOL,L-MENTHOL (N.M.),NO,2216-51-5
LACTIC ACID,ACIDE LACTIQUE (N.M.),NO,50-21-5
LACTO - FERMENTED DAIRY PRODUCTS,LACTO - FERMENTED DAIRY PRODUCTS,NO,
LACTOBACILLUS CASEI STRAIN LPT-111,LACTOBACILLUS CASEI DE SOUCHE LPT-111,NO,
LACTOBACILLUS RHAMNOSUS STRAIN LPT-21,LACTOBACILLUS RHAMNOSUS DE SOUCHE LPT-21,NO,
LACTOCOCCUS LACTIS SSP. CREMORIS STRAIN M11/CSL,LACTOCOCCUS LACTIS SSP. CREMORIS DE SOUCHE M11/CSL,NO,
LACTOCOCCUS LACTIS SSP. LACTIS STRAIN LL102/CSL,LACTOCOCCUS LACTIS SSP. LACTIS DE SOUCHE LL102/CSL,NO,
LACTOCOCCUS LACTIS SSP. LACTIS STRAIN LL64/CSL,LACTOCOCCUS LACTIS SSP. LACTIS SOUCHE LL64/CSL,NO,
LACTOSE,LACTOSE,NO,63-42-3
LAMBDA-CYHALOTHRIN,LAMBDA-CYHALOTHRINE (N.F.),NO,91465-08-6
LAMINARIN,LAMINARINE,NO,9008-22-4
LDEG12 DOUBLE STRANDED RNA,ARN DOUBLE BRIN LDEG12,NO,
LEMON OIL,HUILE DE CITRON (N.F.),NO,8008-56-8
LEMONGRASS OIL,ESSENCE DE LEMONGRASS (N.F.),NO,8007-02-1
LINURON,LINURON (N.M.),NO,330-55-2
LIPASE,LIPASE,NO,
LIQUID CARBON DIOXIDE,DIOXYDE DE CARBONE LIQUIDE (N.M.),NO,124-38-9
LIQUID CORN GLUTEN,GLUTEN DE MAœS LIQUIDE (N.M.),NO,
LITHIUM HYPOCHLORITE,HYPOCHLORITE DE LITHIUM,NO,13840-33-0
"LYMANTRIA DISPAR MULTICAPSID NUCLEOPOLYHEDROVIRUS STRAIN LDP-67
",VIRUS DE LA POLY…DROSE NUCL…AIRE A CAPSIDES MULTIPLES UTILISE CONTRE LYMANTRIA DISPAR SOUCHE LDP-67,NO,
"LYSINIBACILLUS SPHAERICUS 2362, SEROTYPE H5A5B, STRAIN ABTS 1743","LYSINIBACILLUS SPH∆RICUS 2362, S…ROTYPE H5A5B, SOUCHE ABTS 1743",NO,
M-CRESOL,M-CRESOL (M),NO,108-39-4
MAGNESIUM PHOSPHIDE,PHOSPHURE DE MAGN…SIUM (N.M.),NO,12057-74-8
MALATHION,MALATHION (N.M.),YES,121-75-5
MALEIC HYDRAZIDE,HYDRAZIDE MAL…IQUE (N.M.),YES,123-33-1
MALTODEXTRIN,MALTODEXTRINE (N.F.),NO,9050-36-6
MAMESTRA CONFIGURATA NUCLEOPOLYHEDROVIRUS (MACONPV),MAMESTRA CONFIGURATA NUCLEOPOLYHEDROVIRUS (MACONPV),NO,
MAMMALIAN GONADOTROPIN RELEASING HORMONE (GNRH),HORMONE DE LIB…RATION DE LA GONADOTROPHINE DE MAMMIF»RES (GNRH),NO,9034-40-6
MANCOZEB,MANCOZ»BE (N.M.),NO,8018-01-7
MANDESTROBIN,MANDESTROBINE (N.F.),NO,173662-97-0
MANDIPROPAMID,MANDIPROPAMID (N.M.),YES,374726-62-2
MANEB,MANEBE,NO,12427-38-2
MCPA (PRESENT AS ACID),MCPA (N.M.) (PR…SENT SOUS FORME D'ACIDE),YES,94-74-6
"MCPA (PRESENT AS AMINE SALTS: DIETHANOLAMINE, DIMETHYLAMINE, OR MIXED AMINES)","MCPA (N.M.) (PR…SENT SOUS FORME DES SELS D'AMINES : DI…THANOLAMINE, DIM…THYLAMINE, OU D'AMINES M…LANG…ES)",YES,94-74-6
MCPA (PRESENT AS ESTERS),MCPA (N.M.)  (PR…SENT SOUS FORME D'ESTERS),YES,
MCPA (PRESENT AS POTASSIUM SALT OR AS SODIUM SALT),MCPA (N.M.) (PR…SENT SOUS FORME DE SEL DE POTASSIUM OU DE SEL DE SODIUM),YES,3653-48-3
MCPB,MCPB (N.M.),NO,94-81-5
MCPB (PRESENT AS SODIUM SALT),MCPB (N.M.) (PR…SENT SOUS FORME DE SEL DE SODIUM),NO,6062-26-6
MEAT MEAL MIXTURE,M…LANGE DE FARINES DE VIANDE (N.M.),NO,
MECOPROP (PRESENT AS 3-ETHYLHEXYL ESTER),M…COPROP (N.M.) (PR…SENT SOUS FORME D'ESTER DE 3-…THYLHEXYLE),NO,
MECOPROP (PRESENT AS ACID),M…COPROP (N.M.) (PR…SENT SOUS FORME D'ACIDE),NO,7085-19-0
MECOPROP (PRESENT AS AMINE SALT),M…COPROP (N.M.) (PR…SENT SOUS FORME DE SEL D'AMINE),NO,
MECOPROP (PRESENT AS DIETHANOLAMINE SALT),M…COPROP (N.M.) (PR…SENT SOUS FORME DE SEL DE DI…THANOLAMINE),NO,1432-14-0
MECOPROP (PRESENT AS DIMETHYLAMINE SALT),M…COPROP (N.M.) (PR…SENT SOUS FORME DE SEL DE DIM…THYLAMINE),NO,32351-70-5
MECOPROP (PRESENT AS POTASSIUM SALT),M…COPROP (N.M.) (PR…SENT SOUS FORME DE SEL DE POTASSIUM),NO,1929-86-8
MECOPROP-P (PRESENT AS ACID),M…COPROP-P (N.M.) (PR…SENT SOUS FORME D'ACIDE),YES,16484-77-8
MECOPROP-P (PRESENT AS AMINE SALT),M…COPROP-P (N.M.) (PR…SENT SOUS FORME DE SEL D'AMINE),NO,
"MECOPROP-P (PRESENT AS DIGLYCOLAMINE SALT)
","M…COPROP-P (N.M.) (PR…SENT SOUS FORME DE SEL DE DIGLYCOLAMINE)
",NO,
MECOPROP-P (PRESENT AS DIMETHYLAMINE SALT),M…COPROP-P (N.M.) (PR…SENT SOUS FORME DE SEL DE DIM…THYLAMINE),YES,66423-09-4
MECOPROP-P (PRESENT AS POTASSIUM SALT),M…COPROP-P (N.M.) (PR…SENT SOUS FORME DE SEL DE POTASSIUM),YES,
MEFENPYR,MEFENPYR,NO,135591-00-3
MEFENPYR-DIETHYL,M…FENPYR-DI…THYLE (N.M.),NO,135590-91-9
MEFENTRIFLUCONAZOLE,M…FENTRIFLUCONAZOLE (N.M.),YES,1417782-03-6
MEPTYLDINOCAP,M…PTYLDINOCAP,NO,131-72-6
MERCURIC CHLORIDE,CHLORURE MERCURIQUE (M),NO,7487-94-7
MERCUROUS CHLORIDE,CHLORURE MERCUREUX (M),NO,7546-30-7
"MERCURY AS ELEMENTAL, PRESENT AS PHENYLMERCURIC SALTS OF DODECENYL SUCCINIC AND TALL OIL FATTY ACIDS","MERCURE ELEMENTAIRE (M), PRESENT SOUS FORME DES SELS PHENYLMERCURIQUES DE L'ACIDE DODECENYL SUCCINIQUE ET DES ACIDES GROS DE TALL OIL",NO,7439-97-6
MESOSULFURON-METHYL,M…SOSULFURON-M…THYLE (N.M.),NO,208465-21-8
MESOTRIONE,M…SOTRIONE (N.F.),YES,104206-82-8
"METAFLUMIZONE (E,Z-ISOMER)","M…TAFLUMIZONE (E,Z-ISOMER) (N.F.)",NO,139968-49-3
METALAXYL,M…TALAXYL (N.M.),YES,57837-19-1
METALAXYL-M AND S-ISOMER,M…TALAXYL-M ET S-ISOMER (N.M.),YES,70630-17-0
METALDEHYDE,M…TALD…HYDE (N.M.),YES,108-62-3
METAM-POTASSIUM OR POTASSIUM METHYLDITHIOCARBAMATE,M…TAM-POTASSIUM,NO,137-41-7
METAM-SODIUM OR SODIUM METHYLDITHIOCARBAMATE,M…TAM-SODIUM (N.M.),NO,137-42-8
METAMITRON,M…TAMITRONE (N.F.),NO,41394-05-2
METARHIZIUM ANISOPLIAE (STRAIN AGASSIZ / LRC112),METARHIZIUM ANISOPLIAE (STRAIN AGASSIZ / LRC112),NO,
METARHIZIUM ANISOPLIAE VAR. ACRIDUM,METARHIZIUM ANISOPLIAE VAR. ACRIDUM,NO,
METARHIZIUM BRUNNEUM CB15,METARHIZIUM BRUNNEUM CB15,NO,
METARHIZIUM BRUNNEUM STRAIN F52,METARHIZIUM BRUNNEUM SOUCHE F52,NO,
METARHIZIUM BRUNNEUM STRAIN F52,METARHIZIUM BRUNNEUM SOUCHE F52,YES,
METARHIZIUM BRUNNEUM STRAIN LRC 112,METARHIZIUM BRUNNEUM SOUCHE LRC 112,NO,
METARHIZIUM RILEYI STRAIN PHP1705,METARHIZIUM RILEYI SOUCHE PHP1705,NO,
METARHIZIUM ROBERTSII STRAIN CPD006,METARHIZIUM ROBERTSII SOUCHE CPD006,NO,
METCONAZOLE,M…TCONAZOLE (N.M.),YES,125116-23-6
METHAMIDOPHOS,METHAMIDOPHOS,NO,10265-92-6
METHIDATHION,METHIDATHION (M),NO,950-37-8
METHIOCARB,METHIOCARBE (M),NO,2032-65-7
METHIOZOLIN,M…THIOZOLINE,NO,403640-27-7
METHOMYL,M…THOMYL (N.M.),YES,16752-77-5
METHOXYCHLOR,METHOXYCHLORE (M),NO,72-43-5
METHOXYFENOZIDE,M…THOXYF…NOZIDE (N.M.),YES,161050-58-4
METHYL ANTHRANILATE,ANTHRANILATE DE M…THYLE (N.M.),NO,134-20-3
METHYL BROMIDE,BROMURE DE M…THYLE (N.M.),NO,74-83-9
METHYL ISOTHIOCYANATE,ISOTHIOCYANATE DE METHYLE,NO,556-61-6
METHYL JASMONATE,JASMONATE DE M…THYLE,NO,39924-52-2
METHYL NONYL KETONE,M…THYL NONYL C…TONE (N.F.),NO,112-12-9
METHYL SALICYLATE,SALICYLATE DE M…THYLE (N.M.),NO,119-36-8
METHYLATED CANOLA OIL,METHYLATED CANOLA OIL,NO,
METHYLATED SEED OIL OF SOYBEAN,HUILE DE GRAINES M…THYL…E DU SOYA (N.F.),NO,
METHYLDODECYLBENZYL TRIMETHYL AMMONIUM CHLORIDE 80% AND METHYLDODECYLXYLYLENE BIS(TRIMETHYL AMMONIUM CHLORIDE) 20%,CHLORURE METHYLDODECYLBENZYL TRIMETHYL AMMONIUM 80% ET METHYLDODECYLXYLYLENE BIS(TRIMETHYL AMMONIUM) 20%,NO,1399-80-0
METHYLENE BIS(THIOCYANATE),BIS(THIOCYANATE) DE M…THYL»NE (N.M.),YES,6317-18-6
METIRAM,M…TIRAME (N.M.),NO,9006-42-2
METOBROMURON,METOBROMURON (M),NO,3060-89-7
METOFLUTHRIN,M…TOFLUTHRINE (N.F.),NO,240494-70-6
METOLACHLOR,METOLACHLORE (M),NO,51218-45-2
METRAFENONE,METRAFENONE (N.F.),NO,220899-03-6
METRIBUZIN,M…TRIBUZINE (N.F.),YES,21087-64-9
METSULFURON-METHYL,METSULFURON-M…THYLE (N.M.),YES,74223-64-6
MICROBACTERIUM SP. K49,MICROBACTERIUM SP. K49,NO,
MICROSPHAEROPSIS OCHRACEA (STRAIN P130A),MICROSPHAEROPSIS OCHRACEA (SOUCHE P130A),NO,
MILD PEPINO MOSAIC VIRUS ISOLATE VC1,VIRUS ATT…NU… DE LA MOSAIQUE DU P…PINO VC1,NO,
MILD PEPINO MOSAIC VIRUS ISOLATE VX1,VIRUS ATT…NU… DE LA MOSAIQUE DU P…PINO VX1,NO,
MINERAL OIL,HUILE MINERALE (N.F.),YES,
MINERAL OIL (HERBICIDAL OR PLANT GROWTH REGULATOR),HUILE MINERALE (HERBICIDE OU REGULATEUR DE LA CROISSANCE DES PLANTES) (N.F.),NO,
MINERAL OIL - PARAFFIN BASE,HUILE MIN…RALE ¿ BASE DE PARAFFINE (N.F.),NO,
MINERAL SPIRITS,ESSENCE MIN…RALE (N.F.),NO,64742-88-7
MINT,MENTHE (N.F.),NO,
"MIXTURE OF CITRONELLA OIL, CITRUS OIL, EUCALYPTUS OIL, PINE OIL, GERANIUM OIL AND CAMPHOR OIL","M…LANGE D'ESSENCE DE CITRONELLE, D'ESSENCE D'AGRUMES, D'ESSENCE D'EUCALYPTUS, D'ESSENCE DE PIN, D'ESSENCE DE G…RANIUM ET HUILE DE CAMPHRE",NO,
MOMFLUOROTHRIN,MOMFLUOROTHRINE,NO,609346-29-4
MONO- AND  DI-POTASSIUM SALT OF PHOSPHOROUS ACID,SELS MONO- ET DI-POTASSIUM DE L'ACIDE PHOSPHOREUX (N.M.),YES,
"MONO- AND DIBASIC SODIUM, POTASSIUM, AND AMMONIUM PHOSPHITES","PHOSPHATES MONOBASIQUE ET DIBASIQUE DE SODIUM, DE POTASSIUM ET D'AMMONIUM",YES,
MONOLINURON,MONOLINURON,NO,1746-81-2
MONURON,MONURON (M),NO,150-68-5
MUSTARD OIL,HUILE DE MOUTARDE (N.F.),NO,57-06-7
MYCLOBUTANIL,MYCLOBUTANIL (N.M.),YES,88671-89-0
"N,N'-METHYLENEBISMORPHOLINE","N,N'-M…THYL»NEBISMORPHOLINE",NO,5625-90-1
"N-ALKYL (25% C12, 60% C14, 15% C16) DIMETHYL BENZYL AMMONIUM CHLORIDE","CHLORURE N-ALKYL (25% C12, 60% C14, 15% C16) DIM…THYL BENZYL AMMONIUM
",NO,
"N-ALKYL (50% C12, 30% C14, 17% C16, 3% C18) DIMETHYL BENZYL AMMONIUM CHLORIDE","CHLORURE N-ALKYL (50% C12, 30% C14, 17% C16, 3% C18) DIMETHYL BENZYL AMMONIUM (M)",NO,68391-01-5
"N-ALKYL (50% C12, 30% C14, 17% C16, 3% C18) DIMETHYL ETHYLBENZYL AMMONIUM CHLORIDE","CHLORURE N-ALKYL (50% C12, 30% C14, 17% C16, 3% C18) DIMETHYL ETHYLBENZYL AMMONIUM",NO,
"N-ALKYL (60% C14, 30% C16, 5% C12, 5% C18)DIMETHYL BENZYL AMMONIUM CHLORIDE","CHLORURE N-ALKYL (60% C14, 30% C16, 5% C12, 5% C18) DIMETHYL BENZYL AMMONIUM",YES,
"N-ALKYL (98% C12, 2% C14) DIMETHYL 1-NAPHTHYLMETHYL AMMONIUM CHLORIDE","CHLORURE N-ALKYL (98% C12, 2% C14) DIMETHYL NAPHTYLMETHYL-1 AMMONIUM (M)",NO,
N-ALKYL DIETHANOLAMINE,N-ALKYL DIETHANOLAMINE,NO,
N-ALKYL POLYETHOXYETHANOL,N-ALKYL POLYETHOXYETHANOL,NO,
"N-ALKYL(3% C12, 95% C14, 2% C16)DIMETHYLBENZYLAMMONIUM CHLORIDE (OR: MYRISTYL DIMETHYLBENZYLAMMONIUM CHLORIDE DIHYDRATE)","CHLORURE N-ALKYL (3% C12, 95% C14, 2% C16) DIMETHYL BENZYL AMMONIUM (OU: CHLORURE DE MYRISTYL DIMETHYL BENZYL D'AMMONIUM)",NO,
"N-ALKYL(40% C12, 50% C14, 10% C16)DIMETHYLBENZYLAMMONIUM SACCHARINATE","SACCHARINATE DE N-ALKYL (40% C12, 50% C14, 10% C16) DIM…THYL BENZYL AMMONIUM (N.M.)",YES,
"N-ALKYL(5% C5-18, 61% C12, 23% C14, 11% C16)DIMETHYLBENZYLAMMONIUM CHLORIDE","CHLORURE N-ALKYL (5% C5-18, 61% C12, 23% C14, 11% C16) DIMETHYL BENZYL AMMONIUM",NO,63449-41-2
"N-ALKYL(67% C12, 25% C14, 7% C16, 1% C18)DIMETHYLBENZYLAMMONIUM CHLORIDE","CHLORURE N-ALKYL (67% C12, 25% C14, 7% C16, 1% C18) DIM…THYL BENZYL AMMONIUM",YES,
"N-ALKYL(68% C12, 32% C14)DIMETHYL ETHYLBENZYL AMMONIUM CHLORIDE","CHLORURE N-ALKYL (68% C12, 32% C14) DIMETHYL ETHYLBENZYL AMMONIUM",YES,
"N-ALKYL-1,3-PROPANEDIAMINE ACETATE","AC…TATE DE N-ALKYLPROPANE-1,3-DIAMINE",YES,61791-64-8
"N-BUTYL-1,2-BENZISOTHIAZOLIN-3-ONE","N-BUTYL-1,2-BENZISOTHIAZOLIN-3-ONE",NO,4299-07-4
"N-COCO-ALKYLTRIMETHYLENE DIAMINES PRESENT AS
MONOBENZOATE SALT","N-COCO-ALKYLTRIM…THYL»NEDIAMINE PR…SENT SOUS FORME DE
SEL DE MONOBENZOATE",YES,
"N-CYCLOPROPYL-N'-(1,1-DIMETHYLETHYL)-6-(METHYLTHIO)-1,3,5-TRIAZINE-2,4-DIAMINE","N-CYCLOPROPYL-N'-(1,1-DIM…THYL…THYL)-6-(M…THYLTHIO)-1,3,5-TRIAZINE-2,4-DIAMINE",NO,28159-98-0
N-DECANOL,N-D…CANOL (N.M.),YES,112-30-1
"N-DIALKYL(5% C12, 60% C14, 30% C16, 5% C18)METHYLBENZYLAMMONIUM CHLORIDE","CHLORURE DIALKYL (5% C12, 60% C14, 30% C16, 5% C18) METHYL BENZYL AMMONIUM",YES,
N-METHYLOL CHLOROACETAMIDE,N-METHYLOL CHLORACETAMIDE,NO,2832-19-1
N-OCTYL BICYCLOHEPTENE DICARBOXIMIDE,N-OCTYL BICYCLOHEPT»NE DICARBOXIMIDE,NO,113-48-4
N-PHENYL MERCURY 2-ETHYLHEXYL MALEATE,N-PHENYL ETHYLHEXYL-2 MALEATE DE MERCURE,NO,
"N-[A-(1-NITROETHYL)BENZYL]ETHYLENEDIAMINE, PRESENT AS POTASSIUM SALT","N[A-(NITROETHYL-1)BENZYL]ETHYLENEDIAMINE (M), PRESENT SOUS FORME DE SEL DE POTASSIUM",NO,14762-38-0
NABAM,NABAME,NO,142-59-6
NALED,NALED (N.M.),YES,300-76-5
NAPHTHALENE,NAPHTAL»NE (N.M.),NO,91-20-3
"NAPHTHALENE ACETIC ACID (PRESENT AS ETHYL ESTER, SODIUM SALT, OR AMMONIUM SALT)","ACIDE NAPTYLAC…TIQUE (N.M.) (PR…SENT SOUS FORME D'ESTER D'…THYLE, DE SEL DE SODIUM, OU DE SEL D'AMMONIUM)",YES,86-87-3
NAPHTHALENEACETAMIDE,NAPHTAL»NEAC…TAMIDE,NO,86-86-2
NAPROPAMIDE,NAPROPAMIDE (N.M.),YES,15299-99-7
NAPTALAM (PRESENT AS ACID OR AS SODIUM SALT),NAPTALAME (PR…SENT SOUS FORME D'ACIDE OU DE SEL DE SODIUM),NO,132-66-1
NATAMYCIN,NATAMYCINE (N.F.),NO,7681-93-8
NATURAL GUM RESINS,GOMME DE RESINES NATURELLES,NO,
NEEM OIL,NEEM OIL,NO,8002-65-1
NEMAGON,NEMAGON,NO,
NEODIPRION ABIETIS NUCLEOPOLYHEDROVIRUS,NUCL…OPOLYHEDROVIRUS CONTRE LE NEODIPRION ABIETIS,NO,
NICARBAZIN,NICARBAZINE,NO,330-95-0
NICLOSAMIDE,NICLOSAMIDE (N.M.),YES,50-65-7
NICOSULFURON,NICOSULFURON (N.M.),YES,111991-09-4
NICOTINE (PRESENT AS ALKALOID OR AS SULPHATE),"NICOTINE, PRESENT SOUS FORME D'ALKALOIDE OU DE SULPHATE",NO,54-11-5
NITRAPYRIN,NITRAPYRINE,NO,1929-82-4
NITROFURAZONE,NITROFURAZONE (N.F.),NO,59-87-0
NONYLPHENOXYPOLYETHOXYETHANOL,NONYLPH…NOXY POLY…THOXY …THANOL,YES,9016-45-9
NONYLPHENOXYPOLYETHOXYETHANOL - IODINE COMPLEX,COMPLEXE IODURE DE NONYLPHENOXYPOLYETHOXYETHANOL (M),NO,35860-86-7
NOSEMA (PARANOSEMA) LOCUSTAE CANNING,NOSEMA (PARANOSEMA) LOCUSTAE CANNING,NO,
NOT AVAILABLE (THE CODE N/A WAS APPLIED TO HISTORICAL PRODUCTS FOR WHICH THERE WAS INSUFFICIENT INFORMATION REGARDING ACTIVE INGREDIENT),NOT AVAILABLE (THE CODE N/A WAS APPLIED TO HISTORICAL PRODUCTS FOR WHICH THERE WAS INSUFFICIENT INFORMATION REGARDING ACTIVE INGREDIENT),NO,
NOVALURON,"NOVALURON (N.M.)
",YES,116714-46-6
NOVIFLUMURON,NOVIFLUMURON (N.M.),NO,121451-02-3
NUCLEAR POLYHEDROSIS VIRUS OF RED-HEADED PINE SAWFLY,VIRUS DE LA POLY…DROSE NUCL…AIRE DE LECONTE (N.M.),NO,
NUCLEOPOLYHEDROVIRUS FOR DOUGLAS-FIR TUSSOCK MOTH,VIRUS DE LA POLY…DROSE NUCL…AIRE DE LA CHENILLE ¿ HOUPPES DU DOUGLAS,NO,
NURANONE,NURANONE (N.F.),NO,64726-91-6
O-BENZYL-P-CHLOROPHENOL,O-BENZYL-P-CHLOROPHENOL,NO,120-32-1
"OCTADEC-9-ENOIC ACID, ETHYL ESTER",OL…ATE D'…THYLE (N.M.),NO,111-62-6
"OCTADEC-9-ENOIC ACID, METHYL ESTER",OL…ATE DE M…THYLE (N.M.),NO,112-62-9
OCTENOL,OCTENOL,NO,3391-86-4
OCTYLDECYLDIMETHYLAMMONIUM CHLORIDE,CHLORURE D'OCTYL D…CYL DIM…THYL AMMONIUM (N.M.),YES,32426-11-2
OCTYLPHENOXYPOLYETHOXYETHANOL,OCTYLPH…NOXYPOLY…THOXY …THANOL (N.M.),NO,9036-19-5
OCTYLPHENOXYPOLYETHOXYETHANOL PHOSPHATE ESTER,ESTER DU PHOSPHATE D'OCTYLPHENOXYPOLYETHOXYETHANOL,NO,83653-35-4
OIL OF BLACK PEPPER,ESSENCE DE POIVRE NOIR (N.F.),NO,8006-82-4
OIL OF LAVENDER,HUILE DE LAVANDE (N.F.),NO,8000-28-0
"OIL OF LEMON EUCALYPTUS, HYDRATED, CYCLIZED","D'HUILE EUCALYPTUS CITRONN…, HYDRATE, CYCLIS… (N.F.)",NO,1245629-80-4
OLEORESIN CAPSICUM EXTRACT,EXTRAIT D'OL…OR…SINE DE CAPSICUM,NO,8023-77-6
OLIGONUCLEOTIDE - TGAI - GLB SEQUENCE ES179,OLIGONUCLEOTIDE - TGAI - GLB SEQUENCE ES179,NO,
OLIGONUCLEOTIDE - TGAI - GLB SEQUENCE ES180,OLIGONUCLEOTIDE - TGAI - GLB SEQUENCE ES180,NO,
OLIGONUCLEOTIDE - TGAI - GLB SEQUENCE ES203,OLIGONUCLEOTIDE - TGAI - GLB SEQUENCE ES203,NO,
OLIGONUCLEOTIDE - TGAI - GLB SEQUENCE ES204,OLIGONUCLEOTIDE - TGAI - GLB SEQUENCE ES204,NO,
OPHIOSTOMA PILIFERUM FUNGUS,CHAMPIGNON OPHIOSTOMA PILIFERUM,NO,
ORGYIA LEUCOSTIGMA NUCLEOPOLYHEDROVIRUS (OISNPV),ORGYIA LEUCOSTIGMA NUCLEOPOLYHEDROVIRUS (OISNPV),NO,
ORIENTAL MUSTARD SEED MEAL,SEMOULE DE GRAINES DE MOUTARDE ORIENTALE (N.F.),NO,
OXADIAZON,OXADIAZON,NO,19666-30-9
OXALIC ACID DIHYDRATE,ACIDE OXALIQUE DIHYDRATE (N.M.),NO,6153-56-6
OXAMYL,OXAMYL (N.M.),YES,23135-22-0
OXATHIAPIPROLIN,OXATHIAPIPROLINE (N.F.),NO,1003318-67-9
OXINE BENZOATE,BENZOATE D'OXINE,NO,7091-57-8
OXINE METHYLMERCURY,OXINE DE METHYLMERCURE (M),NO,
OXIRANE DERIVATIVES (50% MINIMUM),D…RIV…S D'OXIRANE (50% MINIMUM),YES,
OXYCARBOXIN,OXYCARBOXINE,NO,5259-88-1
OXYDEMETON-METHYL,OXYD…M…TON-M…THYL (N.M.),NO,301-12-2
OXYDIETHYLENE BIS(ALKYL DIMETHYL AMMONIUM CHLORIDE),CHLORURE D'OXYDIETHYLENE BIS-(ALKYLDIMETHYLE) AMMONIUM,YES,68609-28-3
OXYFLUORFEN,OXYFLUORF»NE (N.M.),YES,42874-03-3
OZONE,OZONE (N.F.),YES,10028-15-1
"P-MENTHANE-3,8-DIOL","P-MENTHANE-3,8-DIOL",NO,42822-86-6
P-TERT AMYL PHENOL,P-TERT-AMYLPHENOL,NO,80-46-6
PACLOBUTRAZOL,PACLOBUTRAZOL (N.M.),YES,76738-62-0
PAECILOMYCES FUMOSOROSEUS STRAIN FE 9901,PAECILOMYCES FUMOSOROSEUS SOUCHE FE 9901,NO,
PAENIBACILLUS POLYMYXA,PAENIBACILLUS POLYMYXA,NO,
PAENIBACILLUS POLYMYXA STRAIN 4G4,PAENIBACILLUS POLYMYXA SOUCHE 4G4,NO,
PAENIBACILLUS POLYMYXA STRAIN DJM4H12,PAENIBACILLUS POLYMYXA SOUCHE DJM4H12,NO,
PANTOEA AGGLOMERANS C9-1,PANTOEA AGGLOMERANS C9-1,NO,
PANTOEA AGGLOMERANS STRAIN E325 (NRRL B-21856),PANTOEA AGGLOMERANS STRAIN E325 (NRRL B-21856),NO,
PARADICHLOROBENZENE,PARA-DICHLOROBENZ»NE (N.M.),NO,106-46-7
PARAFFIN BASE PETROLEUM OIL,HUILE DE P…TROLE PARAFFINIQUE (N.F.),NO,
PARAFORMALDEHYDE,PARAFORMALD…HYDE,NO,30525-89-4
PARAQUAT,PARAQUAT,NO,4685-14-7
PARATHION,PARATHION (M),NO,56-38-2
PASTEURIA NISHIZAWAE PN1,PASTEURIA NISHIZAWAE PN1,NO,
PCS041.1,PCS041.1,NO,
PEBULATE,PEBULATE (M),NO,1114-71-2
PELARGONIC ACID,ACIDE P…LARGONIQUE (N.M.),NO,112-05-0
PENDIMETHALIN,PENDIM…THALINE,YES,40487-42-1
PENFLUFEN,PENFLUF»NE (N.M.),NO,494793-67-8
PENTACHLOROPHENOL PLUS RELATED ACTIVE CHLOROPHENOLS,PENTACHLOROPH…NOL (N.M.) ET D…RIV…S ACTIFS,NO,87-86-5
PENTHIOPYRAD,PENTHIOPYRADE (N.M.),NO,183675-82-3
"PEPINO MOSAIC VIRUS, STRAIN CH2, ISOLATE 1906","VIRUS DE LA MOSAœQUE DU P…PINO, SOUCHE CH2, ISOLAT 1906",NO,
PEPPERMINT OIL,HUILE DE MENTHE POIVR…E (N.F.),NO,8006-90-4
PERFORMIC ACID,ACIDE PERFORMIQUE (N.M.),NO,107-32-4
PERMETHRIN,PERM…THRINE,NO,52645-53-1
PEROXYACETIC ACID,ACIDE PEROXYAC…TIQUE (N.M.),NO,79-21-0
PETHOXAMID,P…THOXAMIDE (N.M.),NO,106700-29-2
PETROLEUM HYDROCARBON BLEND,M…LANGE D'HYDROCARBURES P…TROLIERS (N.M.),NO,
PHENMEDIPHAM,PHENM…DIPHAME (N.M.),NO,13684-63-4
PHENYLMERCURIC ACETATE,ACETATE DE PHENYLMERCURE (M),NO,62-38-4
PHENYLMERCURIC OLEATE,OLEATE DE PHENYLMERCURE (M),NO,104-60-9
PHLEBIOPSIS GIGANTEA,PHLEBIOPSIS GIGANTEA,NO,
PHMB,PHMB,NO,32289-58-0
PHOMA MACROSTOMA,PHOMA MACROSTOMA,NO,
PHORATE,PHORATE (N.M.),YES,298-02-2
PHOSALONE,PHOSALONE,NO,2310-17-0
PHOSMET,PHOSMET (N.M.),YES,732-11-6
PHOSPHINE,PHOSPHINE (N.F.),NO,7803-51-2
PHOSPHORIC ACID,ACIDE PHOSPHORIQUE (M),NO,7664-38-2
PHTHALO GREEN PIGMENT,PIGMENT VERT PHTHALO,NO,1328-53-6
PHTHORIMAEA OPERCULELLA GRANULOVIRUS ISOLATE GV-0019,PHTHORIMAEA OPERCULELLA GRANULOVIRUS ISOLATE GV-0019,NO,
PICARBUTRAZOX,PICARBUTRAZOX (N.M.),NO,500207-04-5
PICLORAM (PRESENT AS ACID),PICLORAME (N.M.) (PR…SENT SOUS FORME D'ACIDE),YES,1918-02-1
PICLORAM (PRESENT AS AMINE SALTS),"PICLORAME (N.M.) (PR…SENT SOUS FORME DES SELS D'AMINE  (ALKANOLAMINE, DI…THANOLAMINE, OU TRIISOPROPANOLAMINE))",YES,1918-02-1
PICLORAM (PRESENT AS POTASSIUM SALT),PICLORAME (N.M.) (PR…SENT SOUS FORME DE SEL DE POTASSIUM),YES,1918-02-1
PICOLINAFEN,PICOLINAF»NE (N.M.),YES,137641-05-5
PICOXYSTROBIN,PICOXYSTROBINE (N.M.),NO,117428-22-5
PINDONE PRESENT IN FREE FORM OR AS SODIUM SALT,"PINDONE (M), PRESENT SOUS FORME DE PINDONE OU DE SEL DE SODIUM",NO,83-26-1
PINE NEEDLE OIL,HUILE D'AIGUILLE DE PIN (N.F.),NO,8000-26-8
PINE OIL,HUILE DE PIN (N.F.),NO,8002-09-3
PINOXADEN,PINOXAD»NE (N.M.),YES,243973-20-8
PIPERINE,PIP…RINE (N.F.),NO,94-62-2
PIPERONYL BUTOXIDE,BUTOXYDE DE PIP…RONYLE (N.M.),NO,51-03-6
PIRIMICARB,PYRIMICARBE,NO,23103-98-2
PLUTELLA XYLOSTELLA GRANULOVIRUS (PLXYGV) ISOLATE GV-0020,PLUTELLA XYLOSTELLA GRANULOVIRUS (PLXYGV) ISOLATE GV-0020,NO,
POLYACRYLAMIDE,HOMOPOLYMERE DE PROPEN-2 AMIDE,NO,9003-05-8
POLYACRYLIC POLYMER,POLYMERE POLYACRILIQUE (M),NO,9003-01-4
POLYETHOXYPOLYPROPOXYPOLYETHOXYETHANOL-IODINE COMPLEX,COMPLEXE IODURE DE POLYETHOXYPOLYPROPOXYPOLYETHOXYETHANOL (M),NO,
POLYMERIZED BUTENES,BUTENES POLYMERISES,NO,
POLYOXIN D ZINC SALT,SEL DE ZINC DE POLYOXINE D (N.M.),NO,146659-78-1
POLYOXYALKYLATED ALKYL PHOSPHATE ESTER,ESTER DE PHOSPHATE D'ALKYLE POLYOXYALKYLE (N.M.),NO,
POLYOXYETHYLENE (20) SORBITAN MONOLAURATE,SORBITAN MONOLAURATE DE POLYOXYETHYLENE (20),NO,9005-64-5
POLYOXYETHYLENE ISOTRIDECYL ETHER,OXYDE DE POLYOXY…THYL»NE ET D'ISOTRID…CYLE,NO,9043-30-5
POLYVINYL POLYMER,POLYMERE DE POLYVINYLE (M),NO,
POLY[HYDROXYETHYLENE(DIMETHYLIMINIO)ETHYLENE(DIMETHYLIMINIO)METHYLENE DICHLORIDE],POLY-[DICHLORURE D'HYDROXYETHYLENE(DIMETHYLIMINIO)ETHYLENE(DIMETHYLIMINIO)METHYLENE] (M),NO,
POLY[OXYETHYLENE(DIMETHYLIMINIO)ETHYLENE(DIMETHYLIMINIO)ETHYLENE DICHLORIDE],POLY-[DICHLORURE D'OXY…THYL»NE(DIM…THYLIMINIO)…THYL»NE(DIM…THYLIMINIO)…THYL»NE],NO,31512-74-0
POTASSIUM 4- AND 6-CHLORO-2-PHENYLPHENATE,CHLORO-4 (ET -6) PHENYLPHENATE DE POTASSIUM (M),NO,
POTASSIUM BICARBONATE,BICARBONATE DE POTASSIUM (N.M.),YES,298-14-6
POTASSIUM CHLORIDE,CHLORURE DE POTASSIUM (N.M.),NO,7447-40-7
POTASSIUM COCOATE,COCOATE DE POTASSIUM,NO,61789-30-8
POTASSIUM DICHLORO-S-TRIAZINETRIONE,DICHLORO S-TRIAZINETRIONE DE POTASSIUM (M),NO,2244-21-5
POTASSIUM DICHROMATE,BICHROMATE DE POTASSIUM (M),NO,7778-50-9
POTASSIUM DIMETHYLDITHIOCARBAMATE,DIMETHYL DITHIOCARBAMATE DE POTASSIUM (N.M.),NO,128-03-0
POTASSIUM HYDROXIDE,HYDROXYDE DE POTASSIUM (M),NO,1310-58-3
POTASSIUM N-HYDROXYMETHYL-N-METHYLDITHIOCARBAMATE,N-HYDROXYETHYL N-METHYLDITHIOCARBAMATE DE POTASSIUM,NO,51026-28-9
POTASSIUM PEROXYMONOSULFATE (PRESENT AS POTASSIUM PEROXYMONOSULFATE SULFATE),PEROXYSULFATE DE POTASSIUM (PR…SENT SOUS FORME DE PEROXYSULFATE SULFATE DE POTASSIUM),NO,70693-62-8
POTASSIUM SALTS OF FATTY ACIDS,SELS DE POTASSIUM D'ACIDES GRAS (N.M.),NO,67701-09-1
POTATO STARCH,AMIDON DE POMME DE TERRE,NO,9005-25-8
PRALLETHRIN,PRALL…THRINE,NO,23031-36-9
PRIMISULFURON-METHYL,PRIMISULFURON-M…THYL,NO,86209-51-0
PRODIAMINE,PRODIAMINE,NO,29091-21-2
PROHEXADIONE-CALCIUM,PROHEXADIONE-CALCIUM (N.F.),YES,127277-53-6
PROHYDROJASMON,PROHYDROJASMON (N.M.),NO,158474-72-7
PROLAN,PROLAN,NO,117-27-1
PROMETON PLUS RELATED ACTIVE TRIAZINES,PROMETON (M) ET TRIAZINES ACTIFS APPARENTES,NO,1610-18-0
PROMETRYN PLUS RELATED ACTIVE TRIAZINES,PROM…TRYNE (N.F.) ET TRIAZINES ACTIFS APPARENTES,YES,7287-19-6
PROPAMOCARB HYDROCHLORIDE,CHLORHYDRATE DE PROPAMOCARBE (N.M.),NO,25606-41-1
PROPANIL,PROPANIL,NO,709-98-8
PROPARGITE,PROPARGITE (M),NO,2312-35-8
PROPETAMPHOS,PROPETAMPHOS,NO,31218-83-4
PROPICONAZOLE,PROPICONAZOLE (N.M.),YES,60207-90-1
PROPOXUR,PROPOXUR (N.M.),YES,114-26-1
PROPOXYCARBAZONE-SODIUM,PROPOXYCARBAZONE-SODIUM (N.F.),NO,181274-15-7
PROPYLENE GLYCOL,"1,2-PROPYL»NEGLYCOL (N.M.)",NO,57-55-6
PROPYLENE OXIDE,OXYDE DE PROPYL»NE (N.M.),NO,75-56-9
PROPYZAMIDE,PROPYZAMIDE (N.M.),YES,23950-58-5
"PROQUINAZID
",PROQUINAZIDE,NO,189278-12-4
PROSULFURON,PROSULFURON (N.M.),NO,94125-34-5
PROTEASE ENZYME,PROTEASE ENZYME,NO,
PROTHIOCONAZOLE,PROTHIOCONAZOLE (N.M.),YES,178928-70-6
PSEUDOMONAS CHLORORAPHIS SUBSP. AURANTIACA STRAIN AFS009,PSEUDOMONAS CHLORORAPHIS SOUS-ESP»CES AURANTIACA SOUCHE AFS009,NO,
PSEUDOMONAS COLEOPTERORUM (STRAIN 49762),PSEUDOMONAS COLEOPTERORUM (SOUCHE 49762),NO,
PSEUDOMONAS FLUORESCENS A506,PSEUDOMONAS FLUORESCENS A506,NO,
PSEUDOMONAS FLUORESCENS CL145A,PSEUDOMONAS FLUORESCENS CL145A,NO,
PSEUDOMONAS SYRINGAE - STRAIN ESC-10,PSEUDOMONAS SYRINGAE - SOUCHE ESC-10,NO,68583-32-4
PSEUDOZYMA FLOCCULOSA,PSEUDOZYMA FLOCCULOSA,NO,
PUTRESCENT WHOLE EGG SOLIDS,SOLIDES D'OEUFS ENTIERS PUTRESCENTS (N.M.),NO,
PYDIFLUMETOFEN,PYDIFLUM…TOF»NE (N.M.),NO,1228284-64-7
PYMETROZINE,PYM…TROZINE (N.F.),NO,123312-89-0
PYRACLOSTROBIN,PYRACLOSTROBINE (N.F.),YES,175013-18-0
PYRAFLUFEN-ETHYL,PYRAFLUF»NE-…THYLE (N.M.),NO,129630-19-9
PYRASULFOTOLE,PYRASULFOTOLE (N.M.),YES,365400-11-9
PYRAZIFLUMID,PYRAZIFLUMID (N.M.),NO,942515-63-1
PYRAZON,PYRAZONE,NO,1698-60-8
PYRAZOPHOS,PYRAZOPHOS (M),NO,13457-18-6
PYRETHRINS,PYR…THRINES (N.F.PL.),NO,8003-34-7
PYRIDABEN,PYRIDAB»NE (N.M.),NO,96489-71-3
PYRIDATE,PYRIDATE (N.M.),NO,55512-33-9
"PYRIFLUQUINAZON
",PYRIFLUQUINAZONE (N.F.),NO,337458-27-2
PYRIMETHANIL,PYRIM…THANIL (N.M.),YES,53112-28-0
PYRIOFENONE,PYRIOF…NONE (N.F.),NO,688046-61-9
PYRIPROXYFEN,PYRIPROXYF»NE (N.M.),NO,95737-68-1
PYROXASULFONE,PYROXASULFONE (N.M.),NO,447399-55-5
PYROXSULAM,PYROXSULAME (N.M.),YES,422556-08-9
PYTHIUM OLIGANDRUM OOSPORES,PYTHIUM OLIGANDRUM OOSPORES,NO,
QUINCLORAC,QUINCLORAC (N.M.),NO,84087-01-4
QUINCLORAC (PRESENT AS DIMETHYLAMINE SALT),QUINCLORAC (N.M.) (PR…SENT SOUS FORME DE SEL DE DIM…THYLAMINE),NO,84087-48-9
QUINOXYFEN,QUINOXYF»NE (M),NO,124495-18-7
QUINTOZENE,QUINTOZ»NE (N.M.),NO,82-68-8
QUIZALOFOP-ETHYL,QUIZALOFOP-P-…THYLE,NO,76578-14-8
QUIZALOFOP-P-ETHYL,QUIZALOFOP-P-…THYLE (N.M.),NO,100646-51-3
R-(-)-1-OCTEN-3-OL,R-(-)-1-OCTEN-3-OL,NO,3687-48-7
RACEMIC CAMPHOR,CAMPHRE RAC…MIQUE (N.M.),NO,76-22-2
RECODED AS PIC. (PICLORAM AS ISOOCTYL ESTERS OR AS POTASSIUM SALT: FORMERLY TORDON),RECODE SOUS LE CODE PIC. (PICLORAME SOUS FORME D'ESTERS D'ISOOCTYLE OU DE SEL DE POTASSIUM): AUTREFOIS TORDON),NO,
RECODED UNDER BNP. (BORAX PENTAHYDRATE OR SODIUM TETRABORATE PENTAHYDRATE),RECODE SOUS LE CODE BNP. (PENTAHYDRATE DE BORAX OU TETRABORATE PENTAHYDRATE DE SODIUM),NO,
RECODED UNDER CAB. (CARBARYL: FORMERLY SEVIN),RECODE SOUS LE CODE CAB. (CARBARYL: AUTREFOIS SEVIN),NO,
RECODED UNDER DCH,RECODED UNDER DCH,NO,
"RECODED UNDER MGB. (2,3,4,5-BIS(2-BUTYLENE)TETRAHYDRO-2-FUFURAL: FORMERLY MGK REPELLENT II)","RECODE SOUS LE CODE MGB. (BIS(BUTYLENE-2)TETRAHYDRO-2,3,4,5 FURFURAL-2: AUTREFOIS MGK REPELLENT II)",NO,
RECODED UNDER SFT. (SULFOTEP: FORMERLY TEDP),RECODE SOUS LE CODE SFT. (SULFOTEP: AUTREFOIS TEDP),NO,
RECTIFIED CLOVE LEAF OIL,HUILE DE FEUILLES DE GIROFLE RECTIFI…E (N.F.),NO,8015-97-2
RED SQUILL,SCILLE ROUGE (M),NO,507-60-8
RELATED CAPSAICINOIDS,CAPSAœCINOœDES APPARENT…S (N.M.),NO,
RESCALURE,RESCALURE (N.M.),NO,64309-03-1
RESMETHRIN,RESMETHRINE,NO,10453-86-8
RHIZOBIUM ETLI STRAIN DJM4D6,RHIZOBIUM ETLI SOUCHE DJM4D6,NO,
RIMSULFURON,RIMSULFURON,YES,122931-48-0
RONNEL,RONNEL (M),NO,299-84-3
ROSEMARY OIL,HUILE DE ROMARIN (N.F.),NO,8000-25-7
ROTENONE,ROT…NONE (N.F.),YES,83-79-4
S-(2-HYDROXYPROPYL)THIOMETHANE SULFONATE,THIOMETHANESULFONATE DE S-(HYDROXY-2 PROPYL) (M),NO,29803-57-4
S-KINOPRENE,S-KINOPR»NE (N.M.),NO,65733-20-2
S-METHOPRENE,S-M…THOPR»NE (N.M.),YES,65733-16-6
S-METOLACHLOR AND R-ENANTIOMER,S-M…TOLACHLORE ET …NANTIOM»RE R (N.M.),YES,87392-12-9
SACCHAROMYCES CEREVISIAE STRAIN Y243,SOUCHE Y243 DE SACCHAROMYCES CEREVISIAE,NO,68876-77-7
SAFLUFENACIL,SAFLUF…NACILE (N.M.),YES,372137-35-4
SAPONINS OF CHENOPODIUM QUINOA,SAPONINES DE CHENOPODIUM QUINOA (N.F.),NO,404589-23-7
SAYBOLT UNIVERSAL VISCOSITY IN SECONDS AT 100 DEGREES FAHRENHEIT,NON DISPONIBLE,NO,
SCLEROTINIA MINOR IMI 3144141,SCLEROTINIA MINOR IMI 3144141,NO,
SEDAXANE,S…DAXANE (N.M.),NO,874967-67-6
SESAME SEED OIL,HUILE DE S…SAME (N.F.),NO,8008-74-0
SETHOXYDIM,S…THOXYDIME (N.F.),NO,74051-80-2
SHEEP FAT,GRAISSE DE MOUTON (N.F.),NO,98999-15-6
SIDURON,SIDURON (M),NO,1982-49-6
SILICA AEROGEL,SILICE A…ROGEL (N.F.),YES,7631-86-9
SILICON DIOXIDE (PRESENT AS 100% DIATOMACEOUS EARTH) - FRESH WATER FOSSILS,DIOXYDE DE SILICIUM (N.M.) (PR…SENT SOUS FORM DE TERRE DE DIATOM…ES ¿ 100 %)- FOSSILES D'EAU DOUCE,YES,61790-53-2
SILICON DIOXIDE (PRESENT AS 100% DIATOMACEOUS EARTH) - SALT WATER FOSSILS,DIOXYDE DE SILICIUM,NO,
SILOXYLATED POLYETHER,POLY…THER SILOXYLAT… (N.M.),NO,
SILVER,ARGENT (N.M.),NO,7440-22-4
SILVER (PRESENT AS OXYSILVER NITRATE),ARGENT (N.M.) (PR…SENT SOUS FORME DE NITRATE D'OXYARGENT),NO,12258-22-9
SILVER (PRESENT AS SILVER COPPER ZEOLITE),ARGENT (N.M.) (PR…SENT SOUS FORME DE Z…OLITE EN CUIVRE ARGENT…E),NO,130328-19-7
SILVER (PRESENT AS SILVER PHOSPHATE GLASS),ARGENT (N.M.) (PR…SENT SOUS FORME DE VERRE DE PHOSPHATE D'ARGENT),NO,65997-17-3
SILVER (PRESENT AS SILVER ZEOLITE),ARGENT (N.M.) (PR…SENT SOUS FORME DE Z…OLITE ARGENT…E),NO,130328-18-6
SILVER CHLORIDE,SILVER CHLORIDE,NO,
SILVER GRAPHENE OXIDE,OXYDE DE GRAPH»NE ARGENT…,NO,2640742-09-0
SILVER NITRATE,NITRATE D'ARGENT (M),NO,7761-88-8
SIMAZINE PLUS RELATED ACTIVE TRIAZINES,SIMAZINE ET TRIAZINES ACTIFS APPARENT…ES (N.F.),YES,122-34-9
SOAP (NON-SPECIFIC),SAVON,NO,
SODIUM 2-PHENYLPHENATE,2-PH…NYLPH…NATE DE SODIUM,NO,132-27-4
SODIUM ALPHA-OLEFIN SULFONATE,ALPHA-OL…FINESULFONATE DE SODIUM,NO,68439-57-6
SODIUM BROMIDE,BROMURE DE SODIUM (N.M.),NO,7647-15-6
SODIUM CARBONATE,CARBONATE DE SODIUM (M),NO,497-19-8
SODIUM CARBONATE PEROXYHYDRATE,SODIUM CARBONATE PEROXYHYDRATE,NO,15630-89-4
SODIUM CHLORATE,CHLORATE DE SODIUM (N.M.),YES,7775-09-9
SODIUM CHLORIDE,CHLORURE DE SODIUM (N.M.),NO,7647-14-5
SODIUM CHLORITE,CHLORITE DE SODIUM (N.M.),YES,7758-19-2
SODIUM CYANIDE,CYANURE DE SODIUM,NO,
SODIUM DICHLORO-S-TRIAZINETRIONE,DICHLORO S-TRIAZINETRIONE SODIQUE,NO,2893-78-9
SODIUM DIMETHYLDITHIOCARBAMATE,DIMETHYL DITHIOCARBAMATE SODIQUE,NO,128-04-1
SODIUM DODECYLBENZENESULFONATE,DODECYLBENZENESULFONATE SODIQUE (M),NO,25155-30-0
SODIUM FLUORIDE,FLUORURE DE SODIUM (N.M.),NO,7681-49-4
SODIUM FLUOSILICATE (OR SODIUM SILICOFLUORIDE),FLUOSILICATE DE SODIUM (M),NO,16893-85-9
SODIUM HYDROXIDE,HYDROXYDE DE SODIUM (M),NO,1310-73-2
SODIUM HYPOCHLORITE,HYPOCHLORITE DE SODIUM (N.M.),NO,7681-52-9
SODIUM LAURYL SULFATE,LAURYL SULFATE SODIQUE (M),NO,151-21-3
SODIUM METABISULFITE,M…TABISULFITE DE SODIUM,NO,7681-57-4
SODIUM METABORATE,M…TABORATE SODIQUE (N.M.),NO,7775-19-1
SODIUM METABORATE OCTAHYDRATE,METABORATE DE SODIUM OCTAHYDRATE (M),NO,
SODIUM METABORATE TETRAHYDRATE,METABORATE DE SODIUM TETRAHYDRATE (M),NO,10555-76-7
SODIUM METASILICATE,METASILICATE DE SODIUM (M),NO,6834-92-0
SODIUM MONOFLUOROACETATE,MONOFLUOROAC…TATE DE SODIUM (N.M.),NO,62-74-8
SODIUM NITRITE,NITRITE DE SODIUM,NO,7632-00-0
"SODIUM NONANOYLOXYBENZENE SULFONATE (NOBS)
","SODIUM NONANOYLOXYBENZENE SULFONATE (NOBS)
",NO,91125-43-8
SODIUM O-BENZYL-P-CHLOROPHENATE,O-BENZYL P-CHLOROPHENATE SODIQUE (M),NO,3184-65-4
SODIUM OMADINE,OMADINE-SODIUM,NO,15922-78-8
SODIUM PARA-TERTIARY AMYLPHENATE,AMYLPHENATE PARA-TERTIAIRE DE SODIUM (M),NO,31366-95-7
SODIUM PENTACHLOROPHENATE PLUS RELATED CHLOROPHENATES,PENTACHLOROPHENATE DE SODIUM ET DERIVES ACTIFS (M),NO,131-52-2
SODIUM SALT OF 2-MERCAPTOBENZOTHIAZOLE,MERCAPTO-2 BENZOTHIAZOLE SODIQUE,NO,2492-26-4
"SODIUM SALT OF N-(3,4-DICHLOROPHENYL)-N'-2 (2-SULFO-4-CHLOROPHENOXY)-5-CHLOROPHENYL UREA","N-(DICHLORO-3,4 PHENYL) N'-(SULFO-2 CHLORO-4 PHENOXY)-2 CHLORO-5 PHENYL UREE SODIQUE",NO,24019-05-4
SODIUM TETRACHLOROPHENATE PLUS RELATED CHLOROPHENATES,TETRACHLOROPHENATE DE SODIUM (M) ET DERIVES ACTIFS,NO,25567-55-9
SOLVENT (PETROLEUM HYDROCARBONS),SOLVANT (N.M.) (HYDROCARBURES P…TROLIERS),NO,
SOYBEAN OIL,HUILE DE SOYA (N.F.),NO,8001-22-7
SPEARMINT OIL,HUILE DE MENTHE VERTE (N.F.),NO,8008-79-5
SPIDOXAMAT,SPIDOXAMAT,NO,907187-07-9
SPIDOXAMAT (PRESENT AS POTASSIUM SALT),SPIDOXAMAT (PR…SENT SOUS FORME DE SEL DE POTASSIUM),NO,
SPINETORAM,SPIN…TORAME (N.F.),YES,
SPINOSAD,SPINOSAD (N.M.),YES,131929-60-7
SPIRODICLOFEN,SPIRODICLOF»NE (N.M.),YES,148477-71-8
SPIROMESIFEN,SPIROM…SIF»NE (N.M.),YES,283594-90-1
SPIROPIDION,SPIROPIDION,NO,1229023-00-0
SPIROTETRAMAT,SPIROT…TRAMATE (N.M.),YES,203313-25-1
SPIROXAMINE,SPIROXAMINE (N.F.),NO,118134-30-8
"SPODOPTERA FRUGIPERDA NUCLEOPOLYHEDROVIRUS, ISOLATE 19","SPODOPTERA FRUGIPERDA NUCLEOPOLYHEDROVIRUS, ISOLATE 19",NO,
STEARIC ACID AND RELATED FATTY ACIDS,ACIDE ST…ARIQUE ET ACIDES GRAS LI…S,NO,98653-89-5
STREPTOMYCES ACIDISCABIES STRAIN RL-110T CELLS AND SPENT FERMENTATION MEDIA,"CELLULES DE SOUCHE STREPTOMYCES ACIDISCABIES RL-110T ET CHAMBRES
DE FERMENTATION US…ES",NO,
STREPTOMYCES GRISEOVIRIDIS STRAIN K61,STREPTOMYCES GRISEOVIRIDIS SOUCHE K61,NO,
STREPTOMYCES LYDICUS STRAIN WYEC108,STREPTOMYCES LYDICUS SOUCHE WYEC108,NO,
STREPTOMYCES MELANOSPORAFACIENS,STREPTOMYCES MELANOSPORAFACIENS,NO,
STREPTOMYCIN,STREPTOMYCINE (N.F.),YES,3810-74-0
STRYCHNINE,STRYCHNINE (N.F.),NO,57-24-9
STYRENE BUTADIENE COPOLYMER RUBBER,COPOLYMERE CAOUTCHOUTE DE STYRENE ET BUTADIENE,NO,9003-55-8
SUCROSE,SUCROSE,NO,57-50-1
SUCROSE OCTANOATE ESTERS,ESTERS D'OCTANOATE DE SUCROSE,NO,
SULFAQUINOXALINE (PRESENT AS SODIUM SALT),"SULFAQUINOXALINE, PRESENT SOUS FORME DE SEL DE SODIUM",NO,59-40-5
SULFENTRAZONE,SULFENTRAZONE (N.F.),YES,122836-35-5
SULFOMETURON METHYL,SULFOM…TURON-M…THYLE (N.M.),NO,74222-97-2
SULFOSULFURON,SULFOSULFURON,NO,141776-32-1
SULFOTEP PLUS RELATED ACTIVE COMPOUNDS,SULFOTEP (M) ET DERIVES ACTIFS,NO,3689-24-5
SULFOXAFLOR,SULFOXAFLORE (N.M.),NO,946578-00-3
SULFOXIDE PLUS RELATED ACTIVE COMPOUNDS,SULFOXYDE ET DERIVES ACTIFS (M),NO,120-62-7
SULFURIC ACID,ACIDE SULFURIQUE (N.M.),NO,7664-93-9
SULFURYL FLUORIDE,FLUORURE DE SULFURYLE (N.M.),YES,2699-79-8
SULPHUR,SOUFRE,YES,7704-34-9
SURFACTANT BLEND,M…LANGE DE SURFACTANT (N.M.),NO,
SURFACTANT MIXTURE,M…LANGE DE SURFACTANTS (N.M.),NO,
T42982 DOUBLE STRANDED RNA,ARN DOUBLE BRIN T42982,NO,
T44917 DOUBLE STRANDED RNA,ARN DOUBLE BRIN T44917,NO,
T44918 DOUBLE STRANDED RNA,ARN DOUBLE BRIN T44918,NO,
T44922 DOUBLE STRANDED RNA,ARN DOUBLE BRIN T44922,NO,
T45082 DOUBLE STRANDED RNA,ARN DOUBLE BRIN T45082,NO,
T45126 DOUBLE STRANDED RNA,ARN DOUBLE BRIN T45126,NO,
T54572 DOUBLE STRANDED RNA,ARN DOUBLE BRIN T54572,NO,
TALL OIL FATTY ACIDS,ACIDES GRAS DE TALL OIL (M),NO,
TALLOW FATTY ACID AMINE ETHOXYLATE,AMINE ETHOXYLATE D'ACIDE GRAS DE SUIF,NO,61791-26-2
TCA (PRESENT AS SODIUM SALT),"TCA, PRESENT SOUS FORME DE SEL DE SODIUM",NO,650-51-1
TEA TREE OIL,HUILE DE MELALEUCA (N.F.),NO,
TEBUCONAZOLE,T…BUCONAZOLE (N.M.),YES,107534-96-3
TEBUFENOZIDE,T…BUF…NOZIDE (N.M.),NO,112410-23-8
TEBUFENPYRAD,TEBUFENPYRAD,NO,119168-77-3
TEBUTHIURON,TEBUTHIURON (M),NO,34014-18-1
TEFLUBENZURON,T…FLUBENZURON,NO,83121-18-0
TEFLUTHRIN,T…FLUTHRINE (N.F.),NO,79538-32-2
TEMBOTRIONE,TEMBOTRIONE (N.F.),NO,335104-84-2
TEMEPHOS,T…M…PHOS (M),NO,3383-96-8
TEPP,TEPP (M),NO,107-49-3
TEPRALOXYDIM,T…PRALOXYDIME,NO,149979-41-9
TERBACIL,TERBACIL (N.M.),YES,5902-51-2
TERBUCARB,TERBUCARBE (M),NO,1918-11-2
TERBUFOS,TERBUFOS,NO,13071-79-9
TETRACHLORVINPHOS,T…TRACHLORVINPHOS (N.M.),YES,22248-79-9
TETRACONAZOLE,T…TRACONAZOLE (N.M.),YES,112281-77-3
TETRADIFON,TETRADIFON (M),NO,116-29-0
TETRAKIS(HYDROXYMETHYL)PHOSPHONIUM SULFATE,SULFATE DE T…TRAKIS(HYDROXYM…THYL)PHOSPHONIUM,YES,55566-30-8
TETRAMETHRIN,T…TRAM…THRINE (N.F.),NO,7696-12-0
TETRANILIPROLE,T…TRANILIPROLE (N.M.),NO,1229654-66-3
TETRAPOTASSIUM PYROPHOSPHATE,PYROPHOSPHATE TETRAPOTASSIQUE (M),NO,7320-34-5
TETRASODIUM ETHYLENEDIAMINETETRAACETATE,ETHYLENEDIAMINETETRAACETATE TETRASODIQUE (M),NO,64-02-8
THIABENDAZOLE,THIABENDAZOLE (N.M.),NO,148-79-8
THIACLOPRID,THIACLOPRIDE (N.M.),YES,111988-49-9
THIAMETHOXAM,THIAM…THOXAME (N.M.),YES,153719-23-4
THIDIAZURON,THIDIAZURON,NO,51707-55-2
THIENCARBAZONE-METHYL,THIENCARBAZONE-M…THYL (N.F.),YES,317815-83-1
THIFENSULFURON-METHYL,THIFENSULFURON-M…THYL (N.M.),YES,79277-27-3
THIODICARB,THIODICARB,NO,59669-26-0
THIONAZIN,THIONAZINE (N.M.),NO,297-97-2
THIOPHANATE-METHYL,THIOPHANATE-M…THYL (N.M.),NO,23564-05-8
THIRAM,THIRAME (N.M.),NO,137-26-8
THYME OIL,HUILE DE THYM (N.F.),NO,8007-46-3
THYMOL,THYMOL (N.M.),NO,89-83-8
TIAFENACIL,TIAF…NACIL (N.M.),NO,1220411-29-9
TIOXAZAFEN,TIOXAZAFEN (N.M.),NO,330459-31-9
TOLFENPYRAD,TOLFENPYRADE (N.M.),NO,129558-76-5
TOLPYRALATE,TOLPYRALATE (N.M.),NO,1101132-67-5
TOLYPOCLADIUM CYLINDROSPORUM ANT-05,TOLYPOCLADIUM CYLINDROSPORUM ANT-05,NO,
TOPRAMEZONE,TOPRAM…ZONE (N.F.),YES,210631-68-8
TRALKOXYDIM,TRALKOXYDIME (N.F.),NO,87820-88-0
TRALOMETHRIN,TRALOMETHRINE,NO,66841-25-6
TRI-N-BUTYLTIN CHLORIDE,CHLORURE DE TRI-N-BUTYL ETAIN (M),NO,1461-22-9
TRI-N-BUTYLTIN FLUORIDE,FLUORURE DE TRI-N-BUTYLETAIN (M),NO,1983-10-4
TRI-N-BUTYLTIN MALEATE,MALEATE DE TRI-N-BUTYL ETAIN,NO,4027-18-3
TRI-N-BUTYLTIN METHACRYLATE,METHACRYLATE DE TRI-N-BUTYL ETAIN (M),NO,2155-70-6
TRIADIMEFON,TRIADIMEFONE (M),NO,43121-43-3
TRIADIMENOL,TRIADIMENOL,NO,55219-65-3
TRIALLATE,TRIALLATE (N.M.),YES,2303-17-5
TRIASULFURON,TRIASULFURON,NO,82097-50-5
TRIBENURON-METHYL,TRIB…NURON-M…THYLE (N.M.),YES,101200-48-0
TRIBUTYL TETRADECYL PHOSPHONIUM CHLORIDE,CHLORURE DE TRIBUTYL T…TRAD…CYLE PHOSPHONIUM (N.M.),NO,81741-28-8
TRIBUTYLTIN OXIDE,OXYDE BIS(TRI-N-BUTYL ETAIN),NO,56-35-9
TRICHLORFON,TRICHLORFON,NO,52-68-6
TRICHLORO-S-TRIAZINETRIONE,TRICHLORO-S-TRIAZINETRIONE (N.M.),YES,87-90-1
TRICHODERMA AFROHARZIANUM STRAIN TH2RI99,TRICHODERMA AFROHARZIANUM SOUCHE TH2RI99,NO,
TRICHODERMA ASPERELLUM STRAIN ICC 012,TRICHODERMA ASPERELLUM SOUCHE ICC 012,NO,
TRICHODERMA ASPERELLUM STRAIN KD,TRICHODERMA ASPERELLUM SOUCHE KD,NO,
"TRICHODERMA ASPERELLUM, STRAIN T34","TRICHODERMA ASPERELLUM, SOUCHE T34",NO,
TRICHODERMA ATROVIRIDE STRAIN 77B,TRICHODERMA ATROVIRIDE SOUCHE 77B,NO,
TRICHODERMA GAMSII STRAIN ICC 080,TRICHODERMA GAMSII SOUCHE ICC 080,NO,
TRICHODERMA HARZIANUM RIFAI STRAIN KRL-AG2,SOUCHE KRL-AG2 DE TRICHODERMA HAZANIUM RIFAI,NO,
TRICHODERMA HARZIANUM RIFAI STRAIN T-22,TRICHODERMA HARZIANUM RIFAI SOUCHE T-22,NO,
TRICHODERMA HARZIANUM RIFAI STRAIN TH2,TRICHODERMA HARZIANUM RIFAI SOUCHE TH2,NO,
TRICHODERMA VIRENS STRAIN G-41,TRICHODERMA VIRENS SOUCHE G-41,NO,
TRICLOPYR TRIETHYLAMINE SALT,SEL TRI…THYLAMINE DU TRICLOPYR,NO,
"TRICLOPYR, PRESENT AS BUTOXYETHYL ESTER",TRICLOPYR (N.M.) (PR…SENT SOUS FORME D'ESTER BUTOXY…THYLIQUE),YES,64700-56-7
TRIETHANOLAMINE SALTS OF FATTY ACIDS,SELS DE TRI…THANOLAMINE D'ACIDES GRAS (N.M.),NO,
TRIETHYLENE GLYCOL,TRI…THYL»NEGLYCOL (N.M.),NO,112-27-6
TRIFLOXYSTROBIN,TRIFLOXYSTROBINE (N.M.),YES,141517-21-7
TRIFLUDIMOXAZIN,TRIFLUDIMOXAZINE (N.F.),NO,1258836-72-4
TRIFLUMEZOPYRIM,TRIFLUMEZOPYRIM (N.M.),NO,1263133-33-0
"TRIFLUMIZOLE
","TRIFLUMIZOLE
",NO,99387-89-0
TRIFLURALIN,TRIFLURALINE (N.F.),YES,1582-09-8
TRIFLUSULFURON-METHYL,TRIFLUSULFURON-M…THYL (N.M.),NO,126535-15-7
TRIFORINE,TRIFORINE (N.F.),NO,26644-46-2
TRIGLYCERIDE ETHOXYLATE 10 POE,…THOXYLATE DE TRIGLYC…RIDE 10 POE,NO,61791-23-9
TRIMETHYLAMINE,TRIM…THYLAMINE (N.F.),NO,75-50-3
TRIMETHYLNONYLPOLYETHOXYETHANOL,TRIMETHYLNONYLPOLYETHOXYETHANOL (M),NO,60828-78-6
TRINEXAPAC-ETHYL,TRIN…XAPAC-…THYL (N.M.),NO,95266-40-3
TRITICONAZOLE,TRITICONAZOLE (N.M.),YES,131983-72-7
TYPHULA PHACORRHIZA (STRAIN 94671),TYPHULA PHACORRHIZA (SOUCHE 94671),NO,
ULOCLADIUM OUDEMANSII (U3 STRAIN),ULOCLADIUM OUDEMANSII (SOUCHE U3),NO,
ULTRAVIOLET A (WAVELENGTH 315 - 400 NM),ULTRAVIOLET A (LONGUEUR D'ONDE 315 - 400 NM),NO,
ULTRAVIOLET C (WAVELENGTH 100 - 280 NM),ULTRAVIOLET C (LONGUEUR D'ONDE 280 - 100 NM),NO,
ULTRAVIOLET LIGHT,RAYONNEMENT ULTRAVIOLET,NO,
UNDECYLENIC ACID,ACIDE UND…CYL…NIQUE,NO,112-38-9
UNICONAZOLE-P,UNICONAZOLE-P (N.M.),YES,83657-22-1
UNSULPHONATABLE RESIDUE,R…SIDUS NON SULFONABLES,NO,
UREA,UR…E,NO,57-13-6
VADESCANA DOUBLE STRANDED RNA,ARN DOUBLE BRIN VADESCANA,NO,
VEGETABLE OIL,HUILE VEGETALE (N.F.),NO,68956-68-3
VERBENONE,VERB…NONE,NO,80-57-9
VERNOLATE,VERNOLATE (M),NO,1929-77-7
"VERTICILLIUM ALBO-ATRUM, ISOLATE WCS850","VERTICILLIUM ALBO-ATRUM, ISOLATE WCS850",YES,
VINCLOZOLIN,VINCLOZOLINE,NO,50471-44-8
VIOLET LIGHT (WAVELENGTH 380 - 450 NM),LUMI»RE VIOLET (LONGUEUR D'ONDE 380 - 450 NM),NO,
VISIBLE LIGHT SPECTRUM (WAVELENGTH 380 - 750 NM),SPECTRE DE LUMI»RE VISIBLE (LONGUEUR D'ONDE 380 - 750 NM),NO,
WARFARIN (PRESENT IN FREE FORM OR AS SODIUM SALT),WARFARINE (N.F.) (PR…SENT SOUS FORME DE WARFARINE OU DE SEL DE SODIUM),YES,81-81-2
WATER SOLUBLE DYES,TEINTURES SOLUBLES DANS L'EAU (F),NO,
WHEAT GLUTEN,GLUTEN DE BL…,NO,8002-80-0
WILLAERTIA MAGNA C2C.MAKY,WILLAERTIA MAGNA C2C.MAKY,NO,
WINTERGREEN OIL,HUILE DE WINTERGREEN (N.F.),NO,68917-75-9
XYLENOLS,XYLENOLS (M),NO,1300-71-6
YELLOW MUSTARD SEED MEAL,REPAS DE GRAINE DE MOUTARDE JAUNE,NO,
Z-8-DODECEN-1-OL OR Z-8-DODECENOL,(Z)-8-DOD…CENOL,NO,40642-40-8
Z-8-DODECEN-1-YL ACETATE OR Z-8-DODECENYL ACETATE,AC…TATE DE (8Z)-DOD…C-8-…N-1-YLE,NO,28079-04-1
ZETA-CYPERMETHRIN,Z TA-CYPERM…THRINE,NO,52315-07-8
ZINC,ZINC (N.M.),NO,7440-66-6
ZINC (PRESENT AS ZINC NAPHTHENATE),ZINC (N.M.) (PR…SENT SOUS FORME DE NAPHT…NATE DE ZINC),NO,12001-85-3
ZINC (PRESENT AS ZINC OXIDE),ZINC (N.M.) (PR…SENT SOUS FORME D'OXYDE DE ZINC),NO,1314-13-2
ZINC 2-MERCAPTOBENZOTHIAZOLE,MERCAPTO-2 BENZOTHIAZOLE DE ZINC (M),NO,155-04-4
ZINC ACTIVATED POLY(ETHYLENE DITHIOCARBAMOYL DISULPHIDE),NON DISPONIBLE,NO,
ZINC BORATE,BORATE DE ZINC (N.M.),NO,12447-61-9
ZINC PHOSPHIDE,PHOSPHURE DE ZINC (N.M.),YES,1314-84-7
ZINEB,ZINEBE,NO,12122-67-7
ZIRAM,ZIRAME (N.M.),NO,137-30-4
ZOXAMIDE,ZOXAMIDE (N.M.),NO,156052-68-5
[[[1-METHYL-2-(5-METHYL-3-OXAZOLIDINYL)ETHOXY]METHOXY]METHOXY]METHANOL,[[[1-M…THYL-2-(5-M…THYLOXAZOLIDIN-3-YL)…THOXY]M…THOXY]M…THOXY]M…THANOL,NO,97553-90-7
"",,NO,
